rxn,q(gender),q(genotype),q(diet),"q(gender,genotype)","q(gender,diet)","q(genotype,diet)","q(gender,genotype,diet)"
2OXOADPTm_b,1.0,1.0,0.8633569721080084,0.24868880143949737,0.6709789849720792,0.7438648811032336,0.9020508420064164
2OXOADPTm_f,1.0,1.0,0.8633569721080084,0.24868880143949737,0.6709789849720792,0.7438648811032336,0.9020508420064164
34DHPHEt_b,0.3960796652430535,0.4539015141836463,0.5084781417387965,0.49947395536674216,0.5031998219283584,0.5120589737228703,0.6521289172076026
34DHPHEt_f,0.3960796652430535,0.4539015141836463,0.5084781417387965,0.49947395536674216,0.5031998219283584,0.5120589737228703,0.6521289172076026
5MTHFt_b,0.165169030350419,0.6988725280453112,0.5084781417387965,0.7789556117583115,0.5031998219283584,0.840525278827609,0.9020508420064164
5MTHFt_f,0.165169030350419,0.6988725280453112,0.5084781417387965,0.7789556117583115,0.5031998219283584,0.840525278827609,0.9020508420064164
ABUTt2r_b,1.0,1.0,0.47809269508994096,0.49947395536674216,1.0,1.0,0.6521289172076026
ABUTt2r_f,1.0,1.0,0.47809269508994096,0.49947395536674216,1.0,1.0,0.6521289172076026
ABUTt2rL_b,1.0,1.0,0.47809269508994096,0.49947395536674216,1.0,1.0,0.6521289172076026
ABUTt2rL_f,1.0,1.0,0.47809269508994096,0.49947395536674216,1.0,1.0,0.6521289172076026
ACCOAgt_b,7.856368040406873e-05,0.671585087464862,0.020067825551066294,0.49348600957570554,0.32532469646350587,0.5120589737228703,1.0
ACCOAgt_f,7.856368040406873e-05,0.671585087464862,0.020067825551066294,0.49348600957570554,0.32532469646350587,0.5120589737228703,1.0
ACCOAtr_b,7.856368040406873e-05,0.671585087464862,0.020067825551066294,0.49348600957570554,0.32532469646350587,0.5120589737228703,1.0
ACCOAtr_f,7.856368040406873e-05,0.671585087464862,0.020067825551066294,0.49348600957570554,0.32532469646350587,0.5120589737228703,1.0
ACGAMPM_b,0.502990205899468,1.0,0.1744494749152148,0.6267729518825401,0.636584195838395,1.0,0.7881518615142056
ACGAMPM_f,0.502990205899468,1.0,0.1744494749152148,0.6267729518825401,0.636584195838395,1.0,0.7881518615142056
ACRNte_b,0.165169030350419,0.24311396602140276,0.6485507180649399,0.7789556117583115,0.4629439603114246,0.5120589737228703,0.9020508420064164
ACRNte_f,0.165169030350419,0.24311396602140276,0.6485507180649399,0.7789556117583115,0.4629439603114246,0.5120589737228703,0.9020508420064164
AKGt4_3_b,0.165169030350419,0.24311396602140276,0.4646723573761039,0.49947395536674216,0.5031998219283584,0.5120589737228703,0.9020508420064164
AKGt4_3_f,0.165169030350419,0.24311396602140276,0.4646723573761039,0.49947395536674216,0.5031998219283584,0.5120589737228703,0.9020508420064164
ALAALACNc_b,0.329866276755137,0.6039141927020882,0.6485507180649399,1.0,0.3915305526208303,0.7438648811032336,0.6521289172076026
ALAALACNc_f,0.329866276755137,0.6039141927020882,0.6485507180649399,1.0,0.3915305526208303,0.7438648811032336,0.6521289172076026
ALAPAT4te_b,0.3960796652430535,0.4539015141836463,0.5084781417387965,0.49947395536674216,0.5031998219283584,0.5120589737228703,0.6521289172076026
ALAPAT4te_f,0.3960796652430535,0.4539015141836463,0.5084781417387965,0.49947395536674216,0.5031998219283584,0.5120589737228703,0.6521289172076026
ALAt2r_b,1.0,1.0,0.47809269508994096,0.49947395536674216,1.0,1.0,0.6521289172076026
ALAt2r_f,1.0,1.0,0.47809269508994096,0.49947395536674216,1.0,1.0,0.6521289172076026
ALLOPtepvb_b,0.165169030350419,0.6039141927020882,0.5084781417387965,0.6769148094023423,0.5031998219283584,0.32627546051735523,0.3748696780412179
ALLOPtepvb_f,0.165169030350419,0.6039141927020882,0.5084781417387965,0.6769148094023423,0.5031998219283584,0.32627546051735523,0.3748696780412179
AMPTASEPG_b,1.0,0.4539015141836463,0.5084781417387965,0.49947395536674216,0.5031998219283584,0.7748062729936559,0.8823303602341332
AMPTASEPG_f,1.0,0.4539015141836463,0.5084781417387965,0.49947395536674216,0.5031998219283584,0.7748062729936559,0.8823303602341332
ARGLYSex,0.5360436977600738,1.0,0.8791776781679311,0.6654335558400899,0.9132732113932803,0.5120589737228703,0.6521289172076026
ARGORNt7,0.5616952673764117,0.24311396602140276,0.09582418352870542,0.3278354996349213,0.3915305526208303,0.06708834480218204,0.6521289172076026
ASNPHELAT2tc_b,0.3960796652430535,0.4539015141836463,0.5084781417387965,0.49947395536674216,0.5031998219283584,0.5120589737228703,0.6521289172076026
ASNPHELAT2tc_f,0.3960796652430535,0.4539015141836463,0.5084781417387965,0.49947395536674216,0.5031998219283584,0.5120589737228703,0.6521289172076026
ASPt6,0.502990205899468,0.5730495560068924,0.5084781417387965,1.0,0.5031998219283584,0.5120589737228703,0.6521289172076026
ASPte,0.502990205899468,0.5730495560068924,0.5084781417387965,1.0,0.5031998219283584,0.5120589737228703,0.6521289172076026
ATPtm,1.0,0.24311396602140276,0.11264583535070749,0.6267729518825401,0.5031998219283584,1.0,0.7881518615142056
BALAt2r,1.0,1.0,0.47809269508994096,0.49947395536674216,1.0,1.0,0.6521289172076026
C02712te_b,0.165169030350419,0.24311396602140276,0.4646723573761039,0.49947395536674216,0.5031998219283584,0.5120589737228703,0.9020508420064164
C02712te_f,0.165169030350419,0.24311396602140276,0.4646723573761039,0.49947395536674216,0.5031998219283584,0.5120589737228703,0.9020508420064164
CBR2,0.165169030350419,0.44794576144281717,0.47809269508994096,1.0,0.6709789849720792,0.5120589737228703,0.8497434590704822
CERT1gt_b,0.2535969771430709,0.671585087464862,0.5084781417387965,0.7587733268901248,0.5031998219283584,0.8140547966445839,0.8823303602341332
CERT1gt_f,0.2535969771430709,0.671585087464862,0.5084781417387965,0.7587733268901248,0.5031998219283584,0.8140547966445839,0.8823303602341332
CERT1rt_b,0.2535969771430709,0.671585087464862,0.5084781417387965,0.7587733268901248,0.5031998219283584,0.8140547966445839,0.8823303602341332
CERT1rt_f,0.2535969771430709,0.671585087464862,0.5084781417387965,0.7587733268901248,0.5031998219283584,0.8140547966445839,0.8823303602341332
CERT2gt_b,0.2535969771430709,0.671585087464862,0.5084781417387965,0.7587733268901248,0.5031998219283584,0.8140547966445839,0.8823303602341332
CERT2gt_f,0.2535969771430709,0.671585087464862,0.5084781417387965,0.7587733268901248,0.5031998219283584,0.8140547966445839,0.8823303602341332
CERT2rt_b,0.2535969771430709,0.671585087464862,0.5084781417387965,0.7587733268901248,0.5031998219283584,0.8140547966445839,0.8823303602341332
CERT2rt_f,0.2535969771430709,0.671585087464862,0.5084781417387965,0.7587733268901248,0.5031998219283584,0.8140547966445839,0.8823303602341332
CHOLtu_b,0.165169030350419,0.24311396602140276,0.6485507180649399,0.7789556117583115,0.4629439603114246,0.5120589737228703,0.9020508420064164
CHOLtu_f,0.165169030350419,0.24311396602140276,0.6485507180649399,0.7789556117583115,0.4629439603114246,0.5120589737228703,0.9020508420064164
CITt4_1,0.3960796652430535,0.4539015141836463,0.5084781417387965,0.49947395536674216,0.5031998219283584,0.5120589737228703,0.6521289172076026
CITt4_3,0.3960796652430535,0.4539015141836463,0.5084781417387965,0.49947395536674216,0.5031998219283584,0.5120589737228703,0.6521289172076026
CITt4_4_b,0.3960796652430535,0.4539015141836463,0.5084781417387965,0.49947395536674216,0.5031998219283584,0.5120589737228703,0.6521289172076026
CITt4_4_f,0.3960796652430535,0.4539015141836463,0.5084781417387965,0.49947395536674216,0.5031998219283584,0.5120589737228703,0.6521289172076026
CLOXAtex2,0.3960796652430535,0.4539015141836463,0.5084781417387965,0.49947395536674216,0.5031998219283584,0.5120589737228703,0.6521289172076026
CRNt_b,0.165169030350419,0.24311396602140276,0.6485507180649399,0.7789556117583115,0.4629439603114246,0.5120589737228703,0.9020508420064164
CRNt_f,0.165169030350419,0.24311396602140276,0.6485507180649399,0.7789556117583115,0.4629439603114246,0.5120589737228703,0.9020508420064164
CRNtuNa,0.165169030350419,0.24311396602140276,0.6485507180649399,0.7789556117583115,0.4629439603114246,0.5120589737228703,0.9020508420064164
CYSGLYex_b,0.3960796652430535,0.4539015141836463,0.5084781417387965,0.49947395536674216,0.5031998219283584,0.5120589737228703,0.6521289172076026
CYSGLYex_f,0.3960796652430535,0.4539015141836463,0.5084781417387965,0.49947395536674216,0.5031998219283584,0.5120589737228703,0.6521289172076026
CYSPHELAT2tc_b,0.3960796652430535,0.4539015141836463,0.5084781417387965,0.49947395536674216,0.5031998219283584,0.5120589737228703,0.6521289172076026
CYSPHELAT2tc_f,0.3960796652430535,0.4539015141836463,0.5084781417387965,0.49947395536674216,0.5031998219283584,0.5120589737228703,0.6521289172076026
CYSt4,0.3960796652430535,0.4539015141836463,0.7432674230233157,0.3278354996349213,0.4629439603114246,0.5120589737228703,0.8823303602341332
CYStec_b,0.165169030350419,0.24311396602140276,0.5084781417387965,0.3278354996349213,0.5031998219283584,0.5120589737228703,0.6521289172076026
CYStec_f,0.165169030350419,0.24311396602140276,0.5084781417387965,0.3278354996349213,0.5031998219283584,0.5120589737228703,0.6521289172076026
CYTDK1,0.329866276755137,0.4539015141836463,0.0002433376089727789,0.49947395536674216,0.5979955559002946,0.5120589737228703,0.7432576342566394
CYTDK2,1.0,1.0,0.0026377012808880386,1.0,0.4629439603114246,0.27356849475340456,0.6521289172076026
DALAt2r_b,1.0,1.0,0.47809269508994096,0.49947395536674216,1.0,1.0,0.6521289172076026
DALAt2r_f,1.0,1.0,0.47809269508994096,0.49947395536674216,1.0,1.0,0.6521289172076026
DGK1_b,0.3960796652430535,0.4539015141836463,0.5084781417387965,0.49947395536674216,0.5031998219283584,0.5120589737228703,0.6521289172076026
DGK1_f,0.3960796652430535,0.4539015141836463,0.5084781417387965,0.49947395536674216,0.5031998219283584,0.5120589737228703,0.6521289172076026
DHAAt1r_b,0.0014360049242981942,0.4539015141836463,0.4646723573761039,0.3278354996349213,0.5031998219283584,0.5120589737228703,0.4199042292973693
DHAAt1r_f,0.0014360049242981942,0.4539015141836463,0.4646723573761039,0.3278354996349213,0.5031998219283584,0.5120589737228703,0.4199042292973693
DHFR_b,0.3960796652430535,0.4539015141836463,0.7432674230233157,0.3278354996349213,0.4629439603114246,0.5120589737228703,0.8823303602341332
DHFR_f,0.3960796652430535,0.4539015141836463,0.7432674230233157,0.3278354996349213,0.4629439603114246,0.5120589737228703,0.8823303602341332
DHFR2i,0.3960796652430535,0.4539015141836463,0.7432674230233157,0.3278354996349213,0.4629439603114246,0.5120589737228703,0.8823303602341332
DNDPt38m,1.0,0.24311396602140276,0.11264583535070749,0.6267729518825401,0.5031998219283584,1.0,0.7881518615142056
DOPAtu_b,0.165169030350419,0.24311396602140276,0.6485507180649399,0.7789556117583115,0.4629439603114246,0.5120589737228703,0.9020508420064164
DOPAtu_f,0.165169030350419,0.24311396602140276,0.6485507180649399,0.7789556117583115,0.4629439603114246,0.5120589737228703,0.9020508420064164
DUTCP_b,0.329866276755137,0.4539015141836463,0.0002433376089727789,0.49947395536674216,0.5979955559002946,0.5120589737228703,0.7432576342566394
DUTCP_f,0.329866276755137,0.4539015141836463,0.0002433376089727789,0.49947395536674216,0.5979955559002946,0.5120589737228703,0.7432576342566394
DUTUP_b,0.329866276755137,0.4539015141836463,0.0002433376089727789,0.49947395536674216,0.5979955559002946,0.5120589737228703,0.7432576342566394
DUTUP_f,0.329866276755137,0.4539015141836463,0.0002433376089727789,0.49947395536674216,0.5979955559002946,0.5120589737228703,0.7432576342566394
FOLOAT2tc,0.3960796652430535,0.4539015141836463,0.692789819565125,0.8015956336940246,0.4629439603114246,0.7842903617718395,0.9032647378437648
FOLOAT2tc_b,0.165169030350419,0.6039141927020882,0.5084781417387965,0.6769148094023423,0.5031998219283584,0.32627546051735523,0.3748696780412179
FOLOAT2tc_f,0.165169030350419,0.6039141927020882,0.5084781417387965,0.6769148094023423,0.5031998219283584,0.32627546051735523,0.3748696780412179
FOLR2,0.3960796652430535,0.4539015141836463,0.7432674230233157,0.3278354996349213,0.4629439603114246,0.5120589737228703,0.8823303602341332
G6PDH2c,0.165169030350419,0.4539015141836463,0.13225391517431087,0.7789556117583115,0.5957877686100439,0.22500519965736504,0.7432576342566394
G6PDH2r_b,0.165169030350419,0.4539015141836463,0.13225391517431087,0.7789556117583115,0.5957877686100439,0.22500519965736504,0.7432576342566394
G6PDH2r_f,0.165169030350419,0.4539015141836463,0.13225391517431087,0.7789556117583115,0.5957877686100439,0.22500519965736504,0.7432576342566394
GAPD_b,0.13871646554584743,0.24311396602140276,1.0,0.3278354996349213,1.0,0.5120589737228703,0.6521289172076026
GAPD_f,0.13871646554584743,0.24311396602140276,1.0,0.3278354996349213,1.0,0.5120589737228703,0.6521289172076026
GARFT_b,0.6513566209749564,0.3803954657146044,0.5084781417387965,0.7587733268901248,0.7814926047788006,0.5120589737228703,0.8823303602341332
GARFT_f,0.6513566209749564,0.3803954657146044,0.5084781417387965,0.7587733268901248,0.7814926047788006,0.5120589737228703,0.8823303602341332
GCC2am_b,0.329866276755137,1.0,0.6485507180649399,1.0,0.6709789849720792,0.5120589737228703,0.6521289172076026
GCC2am_f,0.329866276755137,1.0,0.6485507180649399,1.0,0.6709789849720792,0.5120589737228703,0.6521289172076026
GCC2bim,0.329866276755137,1.0,0.6485507180649399,1.0,0.6709789849720792,0.5120589737228703,0.6521289172076026
GCC2cm_b,0.329866276755137,1.0,0.6485507180649399,1.0,0.6709789849720792,0.5120589737228703,0.6521289172076026
GCC2cm_f,0.329866276755137,1.0,0.6485507180649399,1.0,0.6709789849720792,0.5120589737228703,0.6521289172076026
GCCam_b,0.329866276755137,1.0,0.6485507180649399,1.0,0.6709789849720792,0.5120589737228703,0.6521289172076026
GCCam_f,0.329866276755137,1.0,0.6485507180649399,1.0,0.6709789849720792,0.5120589737228703,0.6521289172076026
GCCbim,0.329866276755137,1.0,0.6485507180649399,1.0,0.6709789849720792,0.5120589737228703,0.6521289172076026
GCCcm_b,0.329866276755137,1.0,0.6485507180649399,1.0,0.6709789849720792,0.5120589737228703,0.6521289172076026
GCCcm_f,0.329866276755137,1.0,0.6485507180649399,1.0,0.6709789849720792,0.5120589737228703,0.6521289172076026
GK1_b,0.3960796652430535,0.4539015141836463,0.5084781417387965,0.49947395536674216,0.5031998219283584,0.5120589737228703,0.6521289172076026
GK1_f,0.3960796652430535,0.4539015141836463,0.5084781417387965,0.49947395536674216,0.5031998219283584,0.5120589737228703,0.6521289172076026
GLCtg_b,0.0014360049242981942,0.4539015141836463,0.4646723573761039,0.3278354996349213,0.5031998219283584,0.5120589737228703,0.4199042292973693
GLCtg_f,0.0014360049242981942,0.4539015141836463,0.4646723573761039,0.3278354996349213,0.5031998219283584,0.5120589737228703,0.4199042292973693
GLNt_b,0.3960796652430535,0.4539015141836463,0.5084781417387965,0.49947395536674216,0.5031998219283584,0.5120589737228703,0.6521289172076026
GLNt_f,0.3960796652430535,0.4539015141836463,0.5084781417387965,0.49947395536674216,0.5031998219283584,0.5120589737228703,0.6521289172076026
GLYATm_b,0.756377188229085,0.4539015141836463,0.11264583535070749,0.3278354996349213,0.636584195838395,0.5120589737228703,0.6452167279001744
GLYATm_f,0.756377188229085,0.4539015141836463,0.11264583535070749,0.3278354996349213,0.636584195838395,0.5120589737228703,0.6452167279001744
GLYCLm_r,0.329866276755137,1.0,0.6485507180649399,1.0,0.6709789849720792,0.5120589737228703,0.6521289172076026
GLYGLYCNc_b,0.329866276755137,0.6039141927020882,0.6485507180649399,1.0,0.3915305526208303,0.7438648811032336,0.6521289172076026
GLYGLYCNc_f,0.329866276755137,0.6039141927020882,0.6485507180649399,1.0,0.3915305526208303,0.7438648811032336,0.6521289172076026
GLYLEUHYDROc_b,0.329866276755137,0.6039141927020882,0.6485507180649399,1.0,0.3915305526208303,0.7438648811032336,0.6521289172076026
GLYLEUHYDROc_f,0.329866276755137,0.6039141927020882,0.6485507180649399,1.0,0.3915305526208303,0.7438648811032336,0.6521289172076026
GLYPROPRO1c_b,1.0,0.4539015141836463,0.5084781417387965,0.49947395536674216,0.5031998219283584,0.7748062729936559,0.8823303602341332
GLYPROPRO1c_f,1.0,0.4539015141836463,0.5084781417387965,0.49947395536674216,0.5031998219283584,0.7748062729936559,0.8823303602341332
GLYt2r_b,1.0,1.0,0.47809269508994096,0.49947395536674216,1.0,1.0,0.6521289172076026
GLYt2r_f,1.0,1.0,0.47809269508994096,0.49947395536674216,1.0,1.0,0.6521289172076026
HDCECRNte,0.165169030350419,0.24311396602140276,0.6485507180649399,0.7789556117583115,0.4629439603114246,0.5120589737228703,0.9020508420064164
HDCECRNtr,0.165169030350419,0.24311396602140276,0.6485507180649399,0.7789556117583115,0.4629439603114246,0.5120589737228703,0.9020508420064164
HISTAtu_b,0.165169030350419,0.24311396602140276,0.6485507180649399,0.7789556117583115,0.4629439603114246,0.5120589737228703,0.9020508420064164
HISTAtu_f,0.165169030350419,0.24311396602140276,0.6485507180649399,0.7789556117583115,0.4629439603114246,0.5120589737228703,0.9020508420064164
HMGCOAR_b,0.329866276755137,1.0,0.47809269508994096,1.0,0.5031998219283584,1.0,1.0
HMGCOAR_f,0.329866276755137,1.0,0.47809269508994096,1.0,0.5031998219283584,1.0,1.0
HMR_0770_b,0.6906985803488749,0.4539015141836463,0.5084781417387965,0.7789556117583115,0.5031998219283584,0.3897522561146271,0.6521289172076026
HMR_0770_f,0.6906985803488749,0.4539015141836463,0.5084781417387965,0.7789556117583115,0.5031998219283584,0.3897522561146271,0.6521289172076026
HMR_1325,1.0,1.0,0.5084781417387965,1.0,1.0,0.3897522561146271,1.0
HMR_1500_b,0.3960796652430535,0.4539015141836463,0.5084781417387965,0.49947395536674216,0.5031998219283584,0.5120589737228703,0.6521289172076026
HMR_1500_f,0.3960796652430535,0.4539015141836463,0.5084781417387965,0.49947395536674216,0.5031998219283584,0.5120589737228703,0.6521289172076026
HMR_1629_b,0.329866276755137,0.4539015141836463,0.6485507180649399,0.49947395536674216,0.6709789849720792,0.7438648811032336,0.8497434590704822
HMR_1629_f,0.329866276755137,0.4539015141836463,0.6485507180649399,0.49947395536674216,0.6709789849720792,0.7438648811032336,0.8497434590704822
HMR_1630_b,0.329866276755137,0.4539015141836463,0.6485507180649399,0.49947395536674216,0.6709789849720792,0.7438648811032336,0.8497434590704822
HMR_1630_f,0.329866276755137,0.4539015141836463,0.6485507180649399,0.49947395536674216,0.6709789849720792,0.7438648811032336,0.8497434590704822
HMR_1631_b,0.329866276755137,0.4539015141836463,0.6485507180649399,0.49947395536674216,0.6709789849720792,0.7438648811032336,0.8497434590704822
HMR_1631_f,0.329866276755137,0.4539015141836463,0.6485507180649399,0.49947395536674216,0.6709789849720792,0.7438648811032336,0.8497434590704822
HMR_2817_b,0.165169030350419,0.24311396602140276,0.6485507180649399,0.7789556117583115,0.4629439603114246,0.5120589737228703,0.9020508420064164
HMR_2817_f,0.165169030350419,0.24311396602140276,0.6485507180649399,0.7789556117583115,0.4629439603114246,0.5120589737228703,0.9020508420064164
HMR_2821_b,0.165169030350419,0.24311396602140276,0.6485507180649399,0.7789556117583115,0.4629439603114246,0.5120589737228703,0.9020508420064164
HMR_2821_f,0.165169030350419,0.24311396602140276,0.6485507180649399,0.7789556117583115,0.4629439603114246,0.5120589737228703,0.9020508420064164
HMR_2851_b,0.165169030350419,0.24311396602140276,0.6485507180649399,0.7789556117583115,0.4629439603114246,0.5120589737228703,0.9020508420064164
HMR_2851_f,0.165169030350419,0.24311396602140276,0.6485507180649399,0.7789556117583115,0.4629439603114246,0.5120589737228703,0.9020508420064164
HMR_2857_b,0.165169030350419,0.24311396602140276,0.6485507180649399,0.7789556117583115,0.4629439603114246,0.5120589737228703,0.9020508420064164
HMR_2857_f,0.165169030350419,0.24311396602140276,0.6485507180649399,0.7789556117583115,0.4629439603114246,0.5120589737228703,0.9020508420064164
HMR_2861_b,0.165169030350419,0.24311396602140276,0.6485507180649399,0.7789556117583115,0.4629439603114246,0.5120589737228703,0.9020508420064164
HMR_2861_f,0.165169030350419,0.24311396602140276,0.6485507180649399,0.7789556117583115,0.4629439603114246,0.5120589737228703,0.9020508420064164
HMR_2865_b,0.165169030350419,0.24311396602140276,0.6485507180649399,0.7789556117583115,0.4629439603114246,0.5120589737228703,0.9020508420064164
HMR_2865_f,0.165169030350419,0.24311396602140276,0.6485507180649399,0.7789556117583115,0.4629439603114246,0.5120589737228703,0.9020508420064164
HMR_2884_b,0.165169030350419,0.24311396602140276,0.6485507180649399,0.7789556117583115,0.4629439603114246,0.5120589737228703,0.9020508420064164
HMR_2884_f,0.165169030350419,0.24311396602140276,0.6485507180649399,0.7789556117583115,0.4629439603114246,0.5120589737228703,0.9020508420064164
HMR_2888_b,0.165169030350419,0.24311396602140276,0.6485507180649399,0.7789556117583115,0.4629439603114246,0.5120589737228703,0.9020508420064164
HMR_2888_f,0.165169030350419,0.24311396602140276,0.6485507180649399,0.7789556117583115,0.4629439603114246,0.5120589737228703,0.9020508420064164
HMR_3018_b,0.329866276755137,0.4539015141836463,0.6485507180649399,0.49947395536674216,0.6709789849720792,0.7438648811032336,0.8497434590704822
HMR_3018_f,0.329866276755137,0.4539015141836463,0.6485507180649399,0.49947395536674216,0.6709789849720792,0.7438648811032336,0.8497434590704822
HMR_3021_b,0.329866276755137,0.4539015141836463,0.6485507180649399,0.49947395536674216,0.6709789849720792,0.7438648811032336,0.8497434590704822
HMR_3021_f,0.329866276755137,0.4539015141836463,0.6485507180649399,0.49947395536674216,0.6709789849720792,0.7438648811032336,0.8497434590704822
HMR_3855,0.3960796652430535,0.24311396602140276,0.3347871943548659,0.3278354996349213,0.4629439603114246,0.22563758276466633,0.8823303602341332
HMR_4756_b,0.3960796652430535,0.4539015141836463,0.5084781417387965,0.49947395536674216,0.5031998219283584,0.5120589737228703,0.6521289172076026
HMR_4756_f,0.3960796652430535,0.4539015141836463,0.5084781417387965,0.49947395536674216,0.5031998219283584,0.5120589737228703,0.6521289172076026
HMR_6826_b,0.6906985803488749,0.6988725280453112,0.2855348759222078,0.49947395536674216,0.5031998219283584,0.840525278827609,0.7432576342566394
HMR_6826_f,0.6906985803488749,0.6988725280453112,0.2855348759222078,0.49947395536674216,0.5031998219283584,0.840525278827609,0.7432576342566394
HMR_6834_b,0.6906985803488749,0.6988725280453112,0.2855348759222078,0.49947395536674216,0.5031998219283584,0.840525278827609,0.7432576342566394
HMR_6834_f,0.6906985803488749,0.6988725280453112,0.2855348759222078,0.49947395536674216,0.5031998219283584,0.840525278827609,0.7432576342566394
HMR_6854_b,0.6906985803488749,0.6988725280453112,0.2855348759222078,0.49947395536674216,0.5031998219283584,0.840525278827609,0.7432576342566394
HMR_6854_f,0.6906985803488749,0.6988725280453112,0.2855348759222078,0.49947395536674216,0.5031998219283584,0.840525278827609,0.7432576342566394
HMR_9623,0.165169030350419,0.6039141927020882,0.5084781417387965,0.6769148094023423,0.5031998219283584,0.32627546051735523,0.3748696780412179
HMR_9624,0.165169030350419,0.6039141927020882,0.5084781417387965,0.6769148094023423,0.5031998219283584,0.32627546051735523,0.3748696780412179
HOMt4,0.756377188229085,0.24311396602140276,0.47809269508994096,0.7789556117583115,0.636584195838395,0.6920357808417406,0.7881518615142056
ICDHyr,0.3960796652430535,0.4539015141836463,0.5084781417387965,0.49947395536674216,0.5031998219283584,0.5120589737228703,0.6521289172076026
ILEPHELAT2tc_b,0.3960796652430535,0.4539015141836463,0.5084781417387965,0.49947395536674216,0.5031998219283584,0.5120589737228703,0.6521289172076026
ILEPHELAT2tc_f,0.3960796652430535,0.4539015141836463,0.5084781417387965,0.49947395536674216,0.5031998219283584,0.5120589737228703,0.6521289172076026
ILEtec_b,0.165169030350419,0.4539015141836463,0.4646723573761039,0.49947395536674216,0.4629439603114246,0.8140547966445839,0.8823303602341332
ILEtec_f,0.165169030350419,0.4539015141836463,0.4646723573761039,0.49947395536674216,0.4629439603114246,0.8140547966445839,0.8823303602341332
IPDDI_b,0.3960796652430535,0.4539015141836463,0.0002433376089727789,1.0,0.5031998219283584,0.5120589737228703,1.0
IPDDI_f,0.3960796652430535,0.4539015141836463,0.0002433376089727789,1.0,0.5031998219283584,0.5120589737228703,1.0
IPDDIx_b,0.3960796652430535,0.4539015141836463,0.0002433376089727789,1.0,0.5031998219283584,0.5120589737228703,1.0
IPDDIx_f,0.3960796652430535,0.4539015141836463,0.0002433376089727789,1.0,0.5031998219283584,0.5120589737228703,1.0
LDH_D_b,0.3960796652430535,0.4539015141836463,0.5084781417387965,0.49947395536674216,0.5031998219283584,0.5120589737228703,0.6521289172076026
LDH_D_f,0.3960796652430535,0.4539015141836463,0.5084781417387965,0.49947395536674216,0.5031998219283584,0.5120589737228703,0.6521289172076026
LEUPHELAT2tc_b,0.3960796652430535,0.4539015141836463,0.5084781417387965,0.49947395536674216,0.5031998219283584,0.5120589737228703,0.6521289172076026
LEUPHELAT2tc_f,0.3960796652430535,0.4539015141836463,0.5084781417387965,0.49947395536674216,0.5031998219283584,0.5120589737228703,0.6521289172076026
LEUt4,0.329866276755137,0.6988725280453112,0.5084781417387965,0.49947395536674216,0.4629439603114246,0.5120589737228703,1.0
LEUtec_b,0.165169030350419,0.4539015141836463,0.4646723573761039,0.49947395536674216,0.4629439603114246,0.8140547966445839,0.8823303602341332
LEUtec_f,0.165169030350419,0.4539015141836463,0.4646723573761039,0.49947395536674216,0.4629439603114246,0.8140547966445839,0.8823303602341332
LKYNRtr_b,0.165169030350419,0.4539015141836463,0.4646723573761039,0.49947395536674216,0.4629439603114246,0.8140547966445839,0.8823303602341332
LKYNRtr_f,0.165169030350419,0.4539015141836463,0.4646723573761039,0.49947395536674216,0.4629439603114246,0.8140547966445839,0.8823303602341332
LKYNRtr2_b,0.3960796652430535,0.4539015141836463,0.5084781417387965,0.49947395536674216,0.5031998219283584,0.5120589737228703,0.6521289172076026
LKYNRtr2_f,0.3960796652430535,0.4539015141836463,0.5084781417387965,0.49947395536674216,0.5031998219283584,0.5120589737228703,0.6521289172076026
LKYNRtr3_b,0.3960796652430535,0.4539015141836463,0.5084781417387965,0.49947395536674216,0.5031998219283584,0.5120589737228703,0.6521289172076026
LKYNRtr3_f,0.3960796652430535,0.4539015141836463,0.5084781417387965,0.49947395536674216,0.5031998219283584,0.5120589737228703,0.6521289172076026
LNELDCCRNte,0.165169030350419,0.24311396602140276,0.6485507180649399,0.7789556117583115,0.4629439603114246,0.5120589737228703,0.9020508420064164
LNELDCCRNtr,0.165169030350419,0.24311396602140276,0.6485507180649399,0.7789556117583115,0.4629439603114246,0.5120589737228703,0.9020508420064164
LYSt4,0.6513566209749564,0.3803954657146044,1.0,0.7587733268901248,0.5031998219283584,1.0,0.6521289172076026
LYSt5r,0.5360436977600738,1.0,0.8791776781679311,0.6654335558400899,0.9132732113932803,0.5120589737228703,0.6521289172076026
MAN6PI_b,0.165169030350419,0.24311396602140276,0.5084781417387965,0.49947395536674216,0.8853151937135557,0.8778336568652697,0.8201481353002831
MAN6PI_f,0.165169030350419,0.24311396602140276,0.5084781417387965,0.49947395536674216,0.8853151937135557,0.8778336568652697,0.8201481353002831
METt4,0.5360436977600738,0.4539015141836463,0.5084781417387965,0.49947395536674216,0.9132732113932803,0.9261000823398138,0.6521289172076026
METtec_b,0.165169030350419,0.4539015141836463,0.4646723573761039,0.49947395536674216,0.4629439603114246,0.8140547966445839,0.8823303602341332
METtec_f,0.165169030350419,0.4539015141836463,0.4646723573761039,0.49947395536674216,0.4629439603114246,0.8140547966445839,0.8823303602341332
MGCHrm_b,0.3960796652430535,0.4539015141836463,0.5084781417387965,0.49947395536674216,0.5031998219283584,0.5120589737228703,0.6521289172076026
MGCHrm_f,0.3960796652430535,0.4539015141836463,0.5084781417387965,0.49947395536674216,0.5031998219283584,0.5120589737228703,0.6521289172076026
MMAte_b,0.5616952673764117,0.6039141927020882,0.1744494749152148,0.3278354996349213,0.6709789849720792,0.7438648811032336,0.34391467911857004
MMAte_f,0.5616952673764117,0.6039141927020882,0.1744494749152148,0.3278354996349213,0.6709789849720792,0.7438648811032336,0.34391467911857004
NDPK1_b,0.165169030350419,0.24311396602140276,0.1744494749152148,0.3278354996349213,0.32532469646350587,0.27356849475340456,0.34391467911857004
NDPK1_f,0.165169030350419,0.24311396602140276,0.1744494749152148,0.3278354996349213,0.32532469646350587,0.27356849475340456,0.34391467911857004
NDPK10_b,0.165169030350419,0.24311396602140276,0.1744494749152148,0.3278354996349213,0.32532469646350587,0.27356849475340456,0.34391467911857004
NDPK10_f,0.165169030350419,0.24311396602140276,0.1744494749152148,0.3278354996349213,0.32532469646350587,0.27356849475340456,0.34391467911857004
NDPK10n_b,0.3960796652430535,0.4539015141836463,0.5084781417387965,0.49947395536674216,0.5031998219283584,0.5120589737228703,0.6521289172076026
NDPK10n_f,0.3960796652430535,0.4539015141836463,0.5084781417387965,0.49947395536674216,0.5031998219283584,0.5120589737228703,0.6521289172076026
NDPK1m_b,0.165169030350419,0.24311396602140276,0.1744494749152148,0.3278354996349213,0.32532469646350587,0.27356849475340456,0.34391467911857004
NDPK1m_f,0.165169030350419,0.24311396602140276,0.1744494749152148,0.3278354996349213,0.32532469646350587,0.27356849475340456,0.34391467911857004
NDPK1n_b,0.3960796652430535,0.4539015141836463,0.5084781417387965,0.49947395536674216,0.5031998219283584,0.5120589737228703,0.6521289172076026
NDPK1n_f,0.3960796652430535,0.4539015141836463,0.5084781417387965,0.49947395536674216,0.5031998219283584,0.5120589737228703,0.6521289172076026
NDPK2_b,0.165169030350419,0.24311396602140276,0.1744494749152148,0.3278354996349213,0.32532469646350587,0.27356849475340456,0.34391467911857004
NDPK2_f,0.165169030350419,0.24311396602140276,0.1744494749152148,0.3278354996349213,0.32532469646350587,0.27356849475340456,0.34391467911857004
NDPK2n_b,0.3960796652430535,0.4539015141836463,0.5084781417387965,0.49947395536674216,0.5031998219283584,0.5120589737228703,0.6521289172076026
NDPK2n_f,0.3960796652430535,0.4539015141836463,0.5084781417387965,0.49947395536674216,0.5031998219283584,0.5120589737228703,0.6521289172076026
NDPK3_b,0.165169030350419,0.24311396602140276,0.1744494749152148,0.3278354996349213,0.32532469646350587,0.27356849475340456,0.34391467911857004
NDPK3_f,0.165169030350419,0.24311396602140276,0.1744494749152148,0.3278354996349213,0.32532469646350587,0.27356849475340456,0.34391467911857004
NDPK3m_b,0.165169030350419,0.24311396602140276,0.1744494749152148,0.3278354996349213,0.32532469646350587,0.27356849475340456,0.34391467911857004
NDPK3m_f,0.165169030350419,0.24311396602140276,0.1744494749152148,0.3278354996349213,0.32532469646350587,0.27356849475340456,0.34391467911857004
NDPK3n_b,0.3960796652430535,0.4539015141836463,0.5084781417387965,0.49947395536674216,0.5031998219283584,0.5120589737228703,0.6521289172076026
NDPK3n_f,0.3960796652430535,0.4539015141836463,0.5084781417387965,0.49947395536674216,0.5031998219283584,0.5120589737228703,0.6521289172076026
NDPK4_b,0.165169030350419,0.24311396602140276,0.1744494749152148,0.3278354996349213,0.32532469646350587,0.27356849475340456,0.34391467911857004
NDPK4_f,0.165169030350419,0.24311396602140276,0.1744494749152148,0.3278354996349213,0.32532469646350587,0.27356849475340456,0.34391467911857004
NDPK4n_b,0.3960796652430535,0.4539015141836463,0.5084781417387965,0.49947395536674216,0.5031998219283584,0.5120589737228703,0.6521289172076026
NDPK4n_f,0.3960796652430535,0.4539015141836463,0.5084781417387965,0.49947395536674216,0.5031998219283584,0.5120589737228703,0.6521289172076026
NDPK5_b,0.165169030350419,0.24311396602140276,0.1744494749152148,0.3278354996349213,0.32532469646350587,0.27356849475340456,0.34391467911857004
NDPK5_f,0.165169030350419,0.24311396602140276,0.1744494749152148,0.3278354996349213,0.32532469646350587,0.27356849475340456,0.34391467911857004
NDPK5n_b,0.3960796652430535,0.4539015141836463,0.5084781417387965,0.49947395536674216,0.5031998219283584,0.5120589737228703,0.6521289172076026
NDPK5n_f,0.3960796652430535,0.4539015141836463,0.5084781417387965,0.49947395536674216,0.5031998219283584,0.5120589737228703,0.6521289172076026
NDPK6_b,0.165169030350419,0.24311396602140276,0.1744494749152148,0.3278354996349213,0.32532469646350587,0.27356849475340456,0.34391467911857004
NDPK6_f,0.165169030350419,0.24311396602140276,0.1744494749152148,0.3278354996349213,0.32532469646350587,0.27356849475340456,0.34391467911857004
NDPK6m_b,0.165169030350419,0.24311396602140276,0.1744494749152148,0.3278354996349213,0.32532469646350587,0.27356849475340456,0.34391467911857004
NDPK6m_f,0.165169030350419,0.24311396602140276,0.1744494749152148,0.3278354996349213,0.32532469646350587,0.27356849475340456,0.34391467911857004
NDPK6n_b,0.3960796652430535,0.4539015141836463,0.5084781417387965,0.49947395536674216,0.5031998219283584,0.5120589737228703,0.6521289172076026
NDPK6n_f,0.3960796652430535,0.4539015141836463,0.5084781417387965,0.49947395536674216,0.5031998219283584,0.5120589737228703,0.6521289172076026
NDPK7_b,0.165169030350419,0.24311396602140276,0.1744494749152148,0.3278354996349213,0.32532469646350587,0.27356849475340456,0.34391467911857004
NDPK7_f,0.165169030350419,0.24311396602140276,0.1744494749152148,0.3278354996349213,0.32532469646350587,0.27356849475340456,0.34391467911857004
NDPK7n_b,0.3960796652430535,0.4539015141836463,0.5084781417387965,0.49947395536674216,0.5031998219283584,0.5120589737228703,0.6521289172076026
NDPK7n_f,0.3960796652430535,0.4539015141836463,0.5084781417387965,0.49947395536674216,0.5031998219283584,0.5120589737228703,0.6521289172076026
NDPK8_b,0.165169030350419,0.24311396602140276,0.1744494749152148,0.3278354996349213,0.32532469646350587,0.27356849475340456,0.34391467911857004
NDPK8_f,0.165169030350419,0.24311396602140276,0.1744494749152148,0.3278354996349213,0.32532469646350587,0.27356849475340456,0.34391467911857004
NDPK8n_b,0.3960796652430535,0.4539015141836463,0.5084781417387965,0.49947395536674216,0.5031998219283584,0.5120589737228703,0.6521289172076026
NDPK8n_f,0.3960796652430535,0.4539015141836463,0.5084781417387965,0.49947395536674216,0.5031998219283584,0.5120589737228703,0.6521289172076026
NDPK9_b,0.165169030350419,0.24311396602140276,0.1744494749152148,0.3278354996349213,0.32532469646350587,0.27356849475340456,0.34391467911857004
NDPK9_f,0.165169030350419,0.24311396602140276,0.1744494749152148,0.3278354996349213,0.32532469646350587,0.27356849475340456,0.34391467911857004
NDPK9n_b,0.3960796652430535,0.4539015141836463,0.5084781417387965,0.49947395536674216,0.5031998219283584,0.5120589737228703,0.6521289172076026
NDPK9n_f,0.3960796652430535,0.4539015141836463,0.5084781417387965,0.49947395536674216,0.5031998219283584,0.5120589737228703,0.6521289172076026
NH4t3r_b,0.5616952673764117,0.6039141927020882,0.1744494749152148,0.3278354996349213,0.6709789849720792,0.7438648811032336,0.34391467911857004
NH4t3r_f,0.5616952673764117,0.6039141927020882,0.1744494749152148,0.3278354996349213,0.6709789849720792,0.7438648811032336,0.34391467911857004
ODECRNte,0.165169030350419,0.4539015141836463,0.4646723573761039,1.0,0.5031998219283584,0.36888004011551445,0.7432576342566394
ODECRNtr,0.165169030350419,0.4539015141836463,0.4646723573761039,1.0,0.5031998219283584,0.36888004011551445,0.7432576342566394
ORNt,1.0,0.4539015141836463,0.4646723573761039,0.49947395536674216,0.5031998219283584,0.27356849475340456,0.8823303602341332
OROTGLUt_b,0.165169030350419,0.6039141927020882,0.5084781417387965,0.6769148094023423,0.5031998219283584,0.32627546051735523,0.3748696780412179
OROTGLUt_f,0.165169030350419,0.6039141927020882,0.5084781417387965,0.6769148094023423,0.5031998219283584,0.32627546051735523,0.3748696780412179
ORPT_b,0.2446435641841051,0.35249717850182705,1.0,0.5729795511716478,0.5957877686100439,0.6124531607389945,0.7432576342566394
ORPT_f,0.2446435641841051,0.35249717850182705,1.0,0.5729795511716478,0.5957877686100439,0.6124531607389945,0.7432576342566394
OXAHCOtex,0.3960796652430535,0.4539015141836463,0.5084781417387965,0.49947395536674216,0.5031998219283584,0.5120589737228703,0.6521289172076026
OXYPthc_b,0.165169030350419,0.6039141927020882,0.5084781417387965,0.6769148094023423,0.5031998219283584,0.32627546051735523,0.3748696780412179
OXYPthc_f,0.165169030350419,0.6039141927020882,0.5084781417387965,0.6769148094023423,0.5031998219283584,0.32627546051735523,0.3748696780412179
PGDI_b,0.3960796652430535,0.4539015141836463,0.5084781417387965,0.49947395536674216,0.5031998219283584,0.5120589737228703,0.6521289172076026
PGDI_f,0.3960796652430535,0.4539015141836463,0.5084781417387965,0.49947395536674216,0.5031998219283584,0.5120589737228703,0.6521289172076026
PGDIr_b,0.3960796652430535,0.4539015141836463,0.5084781417387965,0.49947395536674216,0.5031998219283584,0.5120589737228703,0.6521289172076026
PGDIr_f,0.3960796652430535,0.4539015141836463,0.5084781417387965,0.49947395536674216,0.5031998219283584,0.5120589737228703,0.6521289172076026
PGESc,0.165169030350419,0.44794576144281717,0.47809269508994096,1.0,0.6709789849720792,0.5120589737228703,0.8497434590704822
PHEtec_b,0.3960796652430535,0.4539015141836463,0.5084781417387965,0.49947395536674216,0.5031998219283584,0.5120589737228703,0.6521289172076026
PHEtec_f,0.3960796652430535,0.4539015141836463,0.5084781417387965,0.49947395536674216,0.5031998219283584,0.5120589737228703,0.6521289172076026
PMTCRNte,0.165169030350419,0.24311396602140276,0.6485507180649399,0.7789556117583115,0.4629439603114246,0.5120589737228703,0.9020508420064164
PMTCRNtr,0.165169030350419,0.24311396602140276,0.6485507180649399,0.7789556117583115,0.4629439603114246,0.5120589737228703,0.9020508420064164
PPM2_b,0.329866276755137,0.4539015141836463,0.6485507180649399,0.49947395536674216,0.6709789849720792,0.7438648811032336,0.8497434590704822
PPM2_f,0.329866276755137,0.4539015141836463,0.6485507180649399,0.49947395536674216,0.6709789849720792,0.7438648811032336,0.8497434590704822
PRODt2r_b,1.0,1.0,0.47809269508994096,0.49947395536674216,1.0,1.0,0.6521289172076026
PRODt2r_f,1.0,1.0,0.47809269508994096,0.49947395536674216,1.0,1.0,0.6521289172076026
PROPAT4te_b,0.3960796652430535,0.4539015141836463,0.5084781417387965,0.49947395536674216,0.5031998219283584,0.5120589737228703,0.6521289172076026
PROPAT4te_f,0.3960796652430535,0.4539015141836463,0.5084781417387965,0.49947395536674216,0.5031998219283584,0.5120589737228703,0.6521289172076026
PROt2r_b,1.0,1.0,0.47809269508994096,0.49947395536674216,1.0,1.0,0.6521289172076026
PROt2r_f,1.0,1.0,0.47809269508994096,0.49947395536674216,1.0,1.0,0.6521289172076026
PROt4,0.3960796652430535,0.4539015141836463,0.5084781417387965,0.49947395536674216,0.5031998219283584,0.5120589737228703,0.6521289172076026
PYNP2r_b,0.3960796652430535,0.4539015141836463,0.5084781417387965,0.49947395536674216,0.5031998219283584,0.5120589737228703,0.6521289172076026
PYNP2r_f,0.3960796652430535,0.4539015141836463,0.5084781417387965,0.49947395536674216,0.5031998219283584,0.5120589737228703,0.6521289172076026
r0242_b,0.329866276755137,0.6039141927020882,0.5084781417387965,0.49947395536674216,0.9132732113932803,0.4505733207278775,0.9032647378437648
r0242_f,0.329866276755137,0.6039141927020882,0.5084781417387965,0.49947395536674216,0.9132732113932803,0.4505733207278775,0.9032647378437648
r0438,7.856368040406873e-05,0.671585087464862,0.020067825551066294,0.49348600957570554,0.32532469646350587,0.5120589737228703,1.0
r0512_b,0.3960796652430535,0.4539015141836463,0.7432674230233157,0.3278354996349213,0.4629439603114246,0.5120589737228703,0.8823303602341332
r0512_f,0.3960796652430535,0.4539015141836463,0.7432674230233157,0.3278354996349213,0.4629439603114246,0.5120589737228703,0.8823303602341332
r0587_b,0.329866276755137,0.6039141927020882,0.5084781417387965,0.49947395536674216,0.9132732113932803,0.4505733207278775,0.9032647378437648
r0587_f,0.329866276755137,0.6039141927020882,0.5084781417387965,0.49947395536674216,0.9132732113932803,0.4505733207278775,0.9032647378437648
r0707_b,0.329866276755137,0.6039141927020882,0.5084781417387965,0.49947395536674216,0.9132732113932803,0.4505733207278775,0.9032647378437648
r0707_f,0.329866276755137,0.6039141927020882,0.5084781417387965,0.49947395536674216,0.9132732113932803,0.4505733207278775,0.9032647378437648
r0879,1.0,1.0,0.8633569721080084,0.24868880143949737,0.6709789849720792,0.7438648811032336,0.9020508420064164
r0963,0.165169030350419,0.6988725280453112,0.5084781417387965,0.7789556117583115,0.5031998219283584,0.840525278827609,0.9020508420064164
r1002,7.856368040406873e-05,0.671585087464862,0.020067825551066294,0.49348600957570554,0.32532469646350587,0.5120589737228703,1.0
r1135_b,0.3960796652430535,0.4539015141836463,0.5084781417387965,0.49947395536674216,0.5031998219283584,0.5120589737228703,0.6521289172076026
r1135_f,0.3960796652430535,0.4539015141836463,0.5084781417387965,0.49947395536674216,0.5031998219283584,0.5120589737228703,0.6521289172076026
r1143,0.502990205899468,0.5730495560068924,0.5084781417387965,1.0,0.5031998219283584,0.5120589737228703,0.6521289172076026
r1318,7.856368040406873e-05,0.671585087464862,0.020067825551066294,0.49348600957570554,0.32532469646350587,0.5120589737228703,1.0
r1546,0.2535969771430709,0.24311396602140276,0.4646723573761039,0.49348600957570554,0.5031998219283584,0.5120589737228703,0.6521289172076026
r1556,1.0,0.35249717850182705,0.6485507180649399,0.5729795511716478,0.6709789849720792,0.5120589737228703,0.6521289172076026
r1573,0.3960796652430535,0.4539015141836463,0.5084781417387965,0.49947395536674216,0.5031998219283584,0.5120589737228703,0.6521289172076026
r1685,0.3960796652430535,0.4539015141836463,0.5084781417387965,0.49947395536674216,0.5031998219283584,0.5120589737228703,0.6521289172076026
r1914,0.3960796652430535,0.4539015141836463,0.5084781417387965,0.49947395536674216,0.5031998219283584,0.5120589737228703,0.6521289172076026
r2070,0.3960796652430535,0.4539015141836463,0.5084781417387965,0.49947395536674216,0.5031998219283584,0.5120589737228703,0.6521289172076026
r2073_1,0.329866276755137,0.24311396602140276,0.4646723573761039,0.7789556117583115,0.5979955559002946,0.22563758276466633,0.6521289172076026
r2136,0.2535969771430709,0.671585087464862,0.7432674230233157,0.7587733268901248,0.4629439603114246,0.27356849475340456,0.34391467911857004
r2439,1.0,0.5212665952897277,0.6485507180649399,1.0,0.5031998219283584,0.47523748347336,0.8201481353002831
r2465_1,0.329866276755137,0.24311396602140276,0.4646723573761039,0.7789556117583115,0.5979955559002946,0.22563758276466633,0.6521289172076026
r2482,0.2446435641841051,0.35249717850182705,0.5084781417387965,1.0,0.36837479664942024,0.5120589737228703,0.8201481353002831
r2483,1.0,0.24311396602140276,0.8019065498003933,1.0,0.5979955559002946,0.840525278827609,0.7432576342566394
r2484,1.0,0.24311396602140276,0.8019065498003933,1.0,0.5979955559002946,0.840525278827609,0.7432576342566394
r2485,0.165169030350419,0.24311396602140276,0.6485507180649399,0.7789556117583115,0.4629439603114246,0.5120589737228703,0.9020508420064164
r2486,0.329866276755137,0.4539015141836463,0.5084781417387965,0.6654335558400899,0.5031998219283584,0.5120589737228703,0.9032647378437648
r2487,0.165169030350419,0.24311396602140276,0.6485507180649399,0.7789556117583115,0.4629439603114246,0.5120589737228703,0.9020508420064164
r2489,0.3960796652430535,0.4539015141836463,0.5084781417387965,0.49947395536674216,0.5031998219283584,0.5120589737228703,0.6521289172076026
r2494,0.3960796652430535,0.4539015141836463,0.5084781417387965,0.49947395536674216,0.5031998219283584,0.5120589737228703,0.6521289172076026
r2495,0.165169030350419,0.6988725280453112,0.5084781417387965,0.7789556117583115,0.5031998219283584,0.5120589737228703,0.6521289172076026
r2496,0.165169030350419,0.6988725280453112,0.5084781417387965,0.7789556117583115,0.5031998219283584,0.5120589737228703,0.6521289172076026
r2526_b,0.3960796652430535,0.4539015141836463,0.5084781417387965,0.49947395536674216,0.5031998219283584,0.5120589737228703,0.6521289172076026
r2526_f,0.3960796652430535,0.4539015141836463,0.5084781417387965,0.49947395536674216,0.5031998219283584,0.5120589737228703,0.6521289172076026
r2532_b,0.3960796652430535,0.4539015141836463,0.5084781417387965,0.49947395536674216,0.5031998219283584,0.5120589737228703,0.6521289172076026
r2532_f,0.3960796652430535,0.4539015141836463,0.5084781417387965,0.49947395536674216,0.5031998219283584,0.5120589737228703,0.6521289172076026
r2534_b,0.3960796652430535,0.4539015141836463,0.5084781417387965,0.49947395536674216,0.5031998219283584,0.5120589737228703,0.6521289172076026
r2534_f,0.3960796652430535,0.4539015141836463,0.5084781417387965,0.49947395536674216,0.5031998219283584,0.5120589737228703,0.6521289172076026
r2535_b,0.3960796652430535,0.4539015141836463,0.5084781417387965,0.49947395536674216,0.5031998219283584,0.5120589737228703,0.6521289172076026
r2535_f,0.3960796652430535,0.4539015141836463,0.5084781417387965,0.49947395536674216,0.5031998219283584,0.5120589737228703,0.6521289172076026
RE1834M_b,0.3960796652430535,0.4539015141836463,0.5084781417387965,0.49947395536674216,0.5031998219283584,0.5120589737228703,0.6521289172076026
RE1834M_f,0.3960796652430535,0.4539015141836463,0.5084781417387965,0.49947395536674216,0.5031998219283584,0.5120589737228703,0.6521289172076026
RE2270E_b,0.165169030350419,0.7630120758451296,0.5084781417387965,0.3278354996349213,0.4629439603114246,0.36888004011551445,0.6521289172076026
RE2270E_f,0.165169030350419,0.7630120758451296,0.5084781417387965,0.3278354996349213,0.4629439603114246,0.36888004011551445,0.6521289172076026
RE2273E_b,0.165169030350419,0.7630120758451296,0.5084781417387965,0.3278354996349213,0.4629439603114246,0.36888004011551445,0.6521289172076026
RE2273E_f,0.165169030350419,0.7630120758451296,0.5084781417387965,0.3278354996349213,0.4629439603114246,0.36888004011551445,0.6521289172076026
RE2640C_b,0.13871646554584743,0.4539015141836463,0.63305046779789,0.49947395536674216,0.5979955559002946,0.5120589737228703,0.6521289172076026
RE2640C_f,0.13871646554584743,0.4539015141836463,0.63305046779789,0.49947395536674216,0.5979955559002946,0.5120589737228703,0.6521289172076026
RE2799C,0.165169030350419,0.4539015141836463,0.5084781417387965,1.0,0.7814926047788006,0.9529771139889915,0.8823303602341332
RE3134C_b,0.3960796652430535,0.4539015141836463,0.5084781417387965,0.49947395536674216,0.5031998219283584,0.5120589737228703,0.6521289172076026
RE3134C_f,0.3960796652430535,0.4539015141836463,0.5084781417387965,0.49947395536674216,0.5031998219283584,0.5120589737228703,0.6521289172076026
RE3273R_1_b,0.6906985803488749,0.4539015141836463,0.5084781417387965,0.7789556117583115,0.5031998219283584,0.3897522561146271,0.6521289172076026
RE3273R_1_f,0.6906985803488749,0.4539015141836463,0.5084781417387965,0.7789556117583115,0.5031998219283584,0.3897522561146271,0.6521289172076026
RE3520E_b,0.165169030350419,0.24311396602140276,0.09582418352870542,0.6769148094023423,0.5031998219283584,0.06708834480218204,0.3748696780412179
RE3520E_f,0.165169030350419,0.24311396602140276,0.09582418352870542,0.6769148094023423,0.5031998219283584,0.06708834480218204,0.3748696780412179
RPE_b,0.329866276755137,0.6988725280453112,0.1744494749152148,0.3278354996349213,0.4629439603114246,0.840525278827609,0.6521289172076026
RPE_f,0.329866276755137,0.6988725280453112,0.1744494749152148,0.3278354996349213,0.4629439603114246,0.840525278827609,0.6521289172076026
RPEc_b,0.329866276755137,0.6988725280453112,0.1744494749152148,0.3278354996349213,0.4629439603114246,0.840525278827609,0.6521289172076026
RPEc_f,0.329866276755137,0.6988725280453112,0.1744494749152148,0.3278354996349213,0.4629439603114246,0.840525278827609,0.6521289172076026
SERt2r,0.3960796652430535,0.4539015141836463,0.5084781417387965,0.49947395536674216,0.5031998219283584,0.5120589737228703,0.6521289172076026
SERt4,0.3960796652430535,0.4539015141836463,0.5084781417387965,0.49947395536674216,0.5031998219283584,0.5120589737228703,0.6521289172076026
SO4HCOtex,1.0,0.5212665952897277,0.6485507180649399,1.0,0.5031998219283584,0.47523748347336,0.8201481353002831
SO4OXAtex2,0.3960796652430535,0.4539015141836463,0.5084781417387965,0.49947395536674216,0.5031998219283584,0.5120589737228703,0.6521289172076026
SO4t_e_r,1.0,0.5212665952897277,0.6485507180649399,1.0,0.5031998219283584,0.47523748347336,0.8201481353002831
SSALxm_b,0.5360436977600738,0.4539015141836463,0.5084781417387965,0.6654335558400899,0.6709789849720792,0.27356849475340456,0.8363144787203258
SSALxm_f,0.5360436977600738,0.4539015141836463,0.5084781417387965,0.6654335558400899,0.6709789849720792,0.27356849475340456,0.8363144787203258
STCRNte,0.165169030350419,0.4539015141836463,0.4646723573761039,1.0,0.5031998219283584,0.36888004011551445,0.7432576342566394
STCRNtr,0.165169030350419,0.4539015141836463,0.4646723573761039,1.0,0.5031998219283584,0.36888004011551445,0.7432576342566394
TALA_b,0.05385372729017928,0.24311396602140276,0.63305046779789,0.24868880143949737,0.5031998219283584,0.840525278827609,0.9020508420064164
TALA_f,0.05385372729017928,0.24311396602140276,0.63305046779789,0.24868880143949737,0.5031998219283584,0.840525278827609,0.9020508420064164
TAUPAT1c,1.0,1.0,0.47809269508994096,0.49947395536674216,1.0,1.0,0.6521289172076026
THRPHELAT2tc_b,0.3960796652430535,0.4539015141836463,0.5084781417387965,0.49947395536674216,0.5031998219283584,0.5120589737228703,0.6521289172076026
THRPHELAT2tc_f,0.3960796652430535,0.4539015141836463,0.5084781417387965,0.49947395536674216,0.5031998219283584,0.5120589737228703,0.6521289172076026
THRt4,1.0,0.4539015141836463,0.6485507180649399,1.0,0.5031998219283584,0.7438648811032336,0.6521289172076026
TRPt_b,0.3960796652430535,0.4539015141836463,0.5084781417387965,0.49947395536674216,0.5031998219283584,0.5120589737228703,0.6521289172076026
TRPt_f,0.3960796652430535,0.4539015141836463,0.5084781417387965,0.49947395536674216,0.5031998219283584,0.5120589737228703,0.6521289172076026
TYRPHELAT2tc_b,0.3960796652430535,0.4539015141836463,0.5084781417387965,0.49947395536674216,0.5031998219283584,0.5120589737228703,0.6521289172076026
TYRPHELAT2tc_f,0.3960796652430535,0.4539015141836463,0.5084781417387965,0.49947395536674216,0.5031998219283584,0.5120589737228703,0.6521289172076026
TYRt_b,0.3960796652430535,0.4539015141836463,0.5084781417387965,0.49947395536674216,0.5031998219283584,0.5120589737228703,0.6521289172076026
TYRt_f,0.3960796652430535,0.4539015141836463,0.5084781417387965,0.49947395536674216,0.5031998219283584,0.5120589737228703,0.6521289172076026
UDPXYLtg_b,0.165169030350419,0.24311396602140276,0.1744494749152148,0.3278354996349213,0.32532469646350587,0.27356849475340456,0.34391467911857004
UDPXYLtg_f,0.165169030350419,0.24311396602140276,0.1744494749152148,0.3278354996349213,0.32532469646350587,0.27356849475340456,0.34391467911857004
URIDK2m_b,0.165169030350419,0.4539015141836463,0.1744494749152148,1.0,0.32532469646350587,0.5120589737228703,0.34391467911857004
URIDK2m_f,0.165169030350419,0.4539015141836463,0.1744494749152148,1.0,0.32532469646350587,0.5120589737228703,0.34391467911857004
URIK1,0.329866276755137,0.4539015141836463,0.0002433376089727789,0.49947395536674216,0.5979955559002946,0.5120589737228703,0.7432576342566394
URIK2,0.329866276755137,0.4539015141836463,0.0002433376089727789,0.49947395536674216,0.5979955559002946,0.5120589737228703,0.7432576342566394
VALPHELAT2tc_b,0.3960796652430535,0.4539015141836463,0.5084781417387965,0.49947395536674216,0.5031998219283584,0.5120589737228703,0.6521289172076026
VALPHELAT2tc_f,0.3960796652430535,0.4539015141836463,0.5084781417387965,0.49947395536674216,0.5031998219283584,0.5120589737228703,0.6521289172076026
VALtec_b,0.165169030350419,0.4539015141836463,0.4646723573761039,0.49947395536674216,0.4629439603114246,0.8140547966445839,0.8823303602341332
VALtec_f,0.165169030350419,0.4539015141836463,0.4646723573761039,0.49947395536674216,0.4629439603114246,0.8140547966445839,0.8823303602341332
XYLR_b,0.3960796652430535,0.24311396602140276,0.3347871943548659,0.3278354996349213,0.4629439603114246,0.22563758276466633,0.8823303602341332
XYLR_f,0.3960796652430535,0.24311396602140276,0.3347871943548659,0.3278354996349213,0.4629439603114246,0.22563758276466633,0.8823303602341332
