rxn,p(gender),p(genotype),p(diet),"p(gender,genotype)","p(gender,diet)","p(genotype,diet)","p(gender,genotype,diet)"
2OXOADPTm_b,1.0,1.0,0.8474530278849662,0.0032722210715723336,0.6127097573297653,0.6127097573297671,0.8474530278849755
2OXOADPTm_f,1.0,1.0,0.8474530278849662,0.0032722210715723336,0.6127097573297653,0.6127097573297671,0.8474530278849755
34DHPHEt_b,0.3272868812797856,0.32728688127978633,0.3826967066770909,0.32728688127978495,0.3826967066770909,0.3826967066770909,0.3826967066770892
34DHPHEt_f,0.3272868812797856,0.32728688127978633,0.3826967066770909,0.32728688127978495,0.3826967066770909,0.3826967066770909,0.3826967066770892
5MTHFt_b,0.01965417511657875,0.6216287223139874,0.19522821099709767,0.6216287223139874,0.19522821099709856,0.7808037458582777,0.7808037458582777
5MTHFt_f,0.01965417511657875,0.6216287223139874,0.19522821099709767,0.6216287223139874,0.19522821099709856,0.7808037458582777,0.7808037458582777
ABUTt2r_b,1.0,1.0,0.1572673339111648,0.17014155327370137,1.0,1.0,0.15726733391116432
ABUTt2r_f,1.0,1.0,0.1572673339111648,0.17014155327370137,1.0,1.0,0.15726733391116432
ABUTt2rL_b,1.0,1.0,0.1572673339111648,0.17014155327370137,1.0,1.0,0.15726733391116432
ABUTt2rL_f,1.0,1.0,0.1572673339111648,0.17014155327370137,1.0,1.0,0.15726733391116432
ACCOAgt_b,1.4472256916538974e-06,0.5690799951675936,0.0010033912775533147,0.09609990712790055,0.012122435599159377,0.2824295364810005,1.0
ACCOAgt_f,1.4472256916538974e-06,0.5690799951675936,0.0010033912775533147,0.09609990712790055,0.012122435599159377,0.2824295364810005,1.0
ACCOAtr_b,1.4472256916538974e-06,0.5690799951675936,0.0010033912775533147,0.09609990712790055,0.012122435599159377,0.2824295364810005,1.0
ACCOAtr_f,1.4472256916538974e-06,0.5690799951675936,0.0010033912775533147,0.09609990712790055,0.012122435599159377,0.2824295364810005,1.0
ACGAMPM_b,0.42224704126823753,1.0,0.01940840996176519,0.42224704126823653,0.5226691292146822,1.0,0.5226691292146808
ACGAMPM_f,0.42224704126823753,1.0,0.01940840996176519,0.42224704126823653,0.5226691292146822,1.0,0.5226691292146808
ACRNte_b,0.05236953532427921,0.05236953532427902,0.6127097573297697,0.6867108682606142,0.13644664093389314,0.3284466689532117,0.8474530278849743
ACRNte_f,0.05236953532427921,0.05236953532427902,0.6127097573297697,0.6867108682606142,0.13644664093389314,0.3284466689532117,0.8474530278849743
AKGt4_3_b,0.0569398499365916,0.0569398499365916,0.12717348728188066,0.3272868812797856,0.19522821099709706,0.19522821099709795,0.7808037458582788
AKGt4_3_f,0.0569398499365916,0.0569398499365916,0.12717348728188066,0.3272868812797856,0.19522821099709706,0.19522821099709795,0.7808037458582788
ALAALACNc_b,0.170141553273702,0.4863098499127342,0.6127097573297687,1.0,0.046365460178781896,0.6127097573297671,0.24331547469229672
ALAALACNc_f,0.170141553273702,0.4863098499127342,0.6127097573297687,1.0,0.046365460178781896,0.6127097573297671,0.24331547469229672
ALAPAT4te_b,0.3272868812797856,0.3272868812797856,0.3826967066770909,0.3272868812797856,0.3826967066770909,0.3826967066770909,0.3826967066770909
ALAPAT4te_f,0.3272868812797856,0.3272868812797856,0.3826967066770909,0.3272868812797856,0.3826967066770909,0.3826967066770909,0.3826967066770909
ALAt2r_b,1.0,1.0,0.1572673339111648,0.17014155327370137,1.0,1.0,0.15726733391116432
ALAt2r_f,1.0,1.0,0.1572673339111648,0.17014155327370137,1.0,1.0,0.15726733391116432
ALLOPtepvb_b,0.044417423291024105,0.4863098499127342,0.24331547469229672,0.4863098499127354,0.24331547469229964,0.046365460178782056,0.046365460178782215
ALLOPtepvb_f,0.044417423291024105,0.4863098499127342,0.24331547469229672,0.4863098499127354,0.24331547469229964,0.046365460178782056,0.046365460178782215
AMPTASEPG_b,1.0,0.19494067481237456,0.19055697233156654,0.1949406748123749,0.28242953648100094,0.646351548786813,0.6463515487868139
AMPTASEPG_f,1.0,0.19494067481237456,0.19055697233156654,0.1949406748123749,0.28242953648100094,0.646351548786813,0.6463515487868139
ARGLYSex,0.4570477844059576,1.0,0.8676095508236162,0.4570477844059565,0.8676095508236162,0.2948193946301162,0.17786505113383733
ARGORNt7,0.4863098499127354,0.04441742329102427,0.005547715888503998,0.04441742329102419,0.046365460178782535,0.0005296448273856463,0.24331547469229708
ASNPHELAT2tc_b,0.3272868812797856,0.3272868812797856,0.3826967066770909,0.3272868812797856,0.3826967066770909,0.3826967066770909,0.3826967066770909
ASNPHELAT2tc_f,0.3272868812797856,0.3272868812797856,0.3826967066770909,0.3272868812797856,0.3826967066770909,0.3826967066770909,0.3826967066770909
ASPt6,0.42224704126823753,0.42224704126823653,0.3284466689532121,1.0,0.3284466689532117,0.13644664093389314,0.24331547469229708
ASPte,0.42224704126823753,0.42224704126823653,0.3284466689532121,1.0,0.3284466689532117,0.13644664093389314,0.24331547469229708
ATPtm,1.0,0.021982997044102316,0.007707346629258934,0.42224704126823753,0.1572673339111653,1.0,0.5226691292146837
BALAt2r,1.0,1.0,0.1572673339111648,0.17014155327370137,1.0,1.0,0.15726733391116432
C02712te_b,0.0569398499365916,0.0569398499365916,0.12717348728188066,0.3272868812797856,0.19522821099709706,0.19522821099709795,0.7808037458582788
C02712te_f,0.0569398499365916,0.0569398499365916,0.12717348728188066,0.3272868812797856,0.19522821099709706,0.19522821099709795,0.7808037458582788
CBR2,0.021982997044102316,0.1155228542668318,0.13644664093389314,1.0,0.6127097573297662,0.13644664093389314,0.6127097573297671
CERT1gt_b,0.09609990712790006,0.569079995167592,0.3826967066770892,0.5690799951675936,0.38269670667709366,0.7197958201910005,0.7197958201910005
CERT1gt_f,0.09609990712790006,0.569079995167592,0.3826967066770892,0.5690799951675936,0.38269670667709366,0.7197958201910005,0.7197958201910005
CERT1rt_b,0.09609990712790006,0.569079995167592,0.3826967066770892,0.5690799951675936,0.38269670667709366,0.7197958201910005,0.7197958201910005
CERT1rt_f,0.09609990712790006,0.569079995167592,0.3826967066770892,0.5690799951675936,0.38269670667709366,0.7197958201910005,0.7197958201910005
CERT2gt_b,0.09609990712790006,0.569079995167592,0.3826967066770892,0.5690799951675936,0.38269670667709366,0.7197958201910005,0.7197958201910005
CERT2gt_f,0.09609990712790006,0.569079995167592,0.3826967066770892,0.5690799951675936,0.38269670667709366,0.7197958201910005,0.7197958201910005
CERT2rt_b,0.09609990712790006,0.569079995167592,0.3826967066770892,0.5690799951675936,0.38269670667709366,0.7197958201910005,0.7197958201910005
CERT2rt_f,0.09609990712790006,0.569079995167592,0.3826967066770892,0.5690799951675936,0.38269670667709366,0.7197958201910005,0.7197958201910005
CHOLtu_b,0.05236953532427921,0.05236953532427902,0.6127097573297697,0.6867108682606142,0.13644664093389314,0.3284466689532117,0.8474530278849743
CHOLtu_f,0.05236953532427921,0.05236953532427902,0.6127097573297697,0.6867108682606142,0.13644664093389314,0.3284466689532117,0.8474530278849743
CITt4_1,0.3272868812797856,0.3272868812797856,0.38269670667708755,0.32728688127978633,0.38269670667708866,0.3826967066770909,0.38269670667709144
CITt4_3,0.3272868812797856,0.3272868812797856,0.38269670667708755,0.32728688127978633,0.38269670667708866,0.3826967066770909,0.38269670667709144
CITt4_4_b,0.3272868812797856,0.3272868812797856,0.38269670667708755,0.32728688127978633,0.38269670667708866,0.3826967066770909,0.38269670667709144
CITt4_4_f,0.3272868812797856,0.3272868812797856,0.38269670667708755,0.32728688127978633,0.38269670667708866,0.3826967066770909,0.38269670667709144
CLOXAtex2,0.3272868812797856,0.32728688127978633,0.38269670667709366,0.32728688127978495,0.382696706677092,0.38269670667709144,0.3826967066770909
CRNt_b,0.05236953532427921,0.05236953532427902,0.6127097573297697,0.6867108682606142,0.13644664093389314,0.3284466689532117,0.8474530278849743
CRNt_f,0.05236953532427921,0.05236953532427902,0.6127097573297697,0.6867108682606142,0.13644664093389314,0.3284466689532117,0.8474530278849743
CRNtuNa,0.05236953532427921,0.05236953532427902,0.6127097573297697,0.6867108682606142,0.13644664093389314,0.3284466689532117,0.8474530278849743
CYSGLYex_b,0.3272868812797856,0.3272868812797856,0.3826967066770909,0.3272868812797856,0.3826967066770909,0.3826967066770909,0.3826967066770909
CYSGLYex_f,0.3272868812797856,0.3272868812797856,0.3826967066770909,0.3272868812797856,0.3826967066770909,0.3826967066770909,0.3826967066770909
CYSPHELAT2tc_b,0.3272868812797856,0.3272868812797856,0.3826967066770909,0.3272868812797856,0.3826967066770909,0.3826967066770909,0.3826967066770909
CYSPHELAT2tc_f,0.3272868812797856,0.3272868812797856,0.3826967066770909,0.3272868812797856,0.3826967066770909,0.3826967066770909,0.3826967066770909
CYSt4,0.2595812848147059,0.2595812848147059,0.7197958201909926,0.029839713559400457,0.11857920715939625,0.11857920715939739,0.7197958201910005
CYStec_b,0.044417423291024105,0.04441742329102419,0.24331547469229417,0.04441742329102419,0.24331547469229528,0.24331547469229745,0.24331547469229745
CYStec_f,0.044417423291024105,0.04441742329102419,0.24331547469229417,0.04441742329102419,0.24331547469229528,0.24331547469229745,0.24331547469229745
CYTDK1,0.14665564606820086,0.1466556460682006,7.043983417633073e-06,0.1466556460682006,0.48311746226681695,0.12717348728188005,0.4831174622668149
CYTDK2,1.0,1.0,8.329582992278017e-05,1.0,0.12717348728188047,0.01284416155904464,0.12717348728188085
DALAt2r_b,1.0,1.0,0.1572673339111648,0.17014155327370137,1.0,1.0,0.15726733391116432
DALAt2r_f,1.0,1.0,0.1572673339111648,0.17014155327370137,1.0,1.0,0.15726733391116432
DGK1_b,0.3272868812797856,0.3272868812797856,0.38269670667709144,0.32728688127978633,0.38269670667709144,0.3826967066770909,0.3826967066770909
DGK1_f,0.3272868812797856,0.3272868812797856,0.38269670667709144,0.32728688127978633,0.38269670667709144,0.3826967066770909,0.3826967066770909
DHAAt1r_b,4.156856359810562e-05,0.32728688127978633,0.12717348728187663,0.056939849936591395,0.19522821099709856,0.19522821099709767,0.056355567616225885
DHAAt1r_f,4.156856359810562e-05,0.32728688127978633,0.12717348728187663,0.056939849936591395,0.19522821099709856,0.19522821099709767,0.056355567616225885
DHFR_b,0.2595812848147059,0.25958128481470527,0.7197958201909926,0.02983971355940034,0.11857920715939625,0.1185792071593972,0.7197958201910024
DHFR_f,0.2595812848147059,0.25958128481470527,0.7197958201909926,0.02983971355940034,0.11857920715939625,0.1185792071593972,0.7197958201910024
DHFR2i,0.2595812848147059,0.25958128481470527,0.7197958201909926,0.02983971355940034,0.11857920715939625,0.1185792071593972,0.7197958201910024
DNDPt38m,1.0,0.021982997044102316,0.007707346629258934,0.42224704126823753,0.1572673339111653,1.0,0.5226691292146837
DOPAtu_b,0.05236953532427921,0.05236953532427902,0.6127097573297697,0.6867108682606142,0.13644664093389314,0.3284466689532117,0.8474530278849743
DOPAtu_f,0.05236953532427921,0.05236953532427902,0.6127097573297697,0.6867108682606142,0.13644664093389314,0.3284466689532117,0.8474530278849743
DUTCP_b,0.14665564606820086,0.1466556460682006,7.043983417633073e-06,0.1466556460682006,0.48311746226681695,0.12717348728188005,0.4831174622668149
DUTCP_f,0.14665564606820086,0.1466556460682006,7.043983417633073e-06,0.1466556460682006,0.48311746226681695,0.12717348728188005,0.4831174622668149
DUTUP_b,0.14665564606820086,0.1466556460682006,7.043983417633073e-06,0.1466556460682006,0.48311746226681695,0.12717348728188005,0.4831174622668149
DUTUP_f,0.14665564606820086,0.1466556460682006,7.043983417633073e-06,0.1466556460682006,0.48311746226681695,0.12717348728188005,0.4831174622668149
FOLOAT2tc,0.268038873423127,0.268038873423127,0.6563271974827499,0.7087792971610323,0.0687194767360005,0.6563271974827499,0.8676095508236162
FOLOAT2tc_b,0.044417423291024105,0.4863098499127342,0.24331547469229672,0.4863098499127354,0.24331547469229964,0.046365460178782056,0.046365460178782215
FOLOAT2tc_f,0.044417423291024105,0.4863098499127342,0.24331547469229672,0.4863098499127354,0.24331547469229964,0.046365460178782056,0.046365460178782215
FOLR2,0.2595812848147059,0.25958128481470527,0.7197958201909926,0.02983971355940034,0.11857920715939625,0.1185792071593972,0.7197958201910024
G6PDH2c,0.03490773729951143,0.1922699896666352,0.010093061947513199,0.6587309365634472,0.4609515893982971,0.003552713678800501,0.46095158939829584
G6PDH2r_b,0.03490773729951143,0.1922699896666352,0.010093061947513199,0.6587309365634472,0.4609515893982971,0.0035527136788004936,0.46095158939829584
G6PDH2r_f,0.03490773729951143,0.1922699896666352,0.010093061947513199,0.6587309365634472,0.4609515893982971,0.0035527136788004936,0.46095158939829584
GAPD_b,0.006205736616524754,0.0569398499365916,1.0,0.0569398499365916,1.0,0.382696706677092,0.38269670667709144
GAPD_f,0.006205736616524754,0.0569398499365916,1.0,0.0569398499365916,1.0,0.382696706677092,0.38269670667709144
GARFT_b,0.569079995167592,0.09609990712789988,0.3826967066770892,0.569079995167592,0.7197958201910005,0.38269670667709144,0.7197958201909995
GARFT_f,0.569079995167592,0.09609990712789988,0.3826967066770892,0.569079995167592,0.7197958201910005,0.38269670667709144,0.7197958201909995
GCC2am_b,0.17014155327370228,1.0,0.6127097573297697,1.0,0.6127097573297653,0.24331547469229672,0.24331547469229672
GCC2am_f,0.17014155327370228,1.0,0.6127097573297697,1.0,0.6127097573297653,0.24331547469229672,0.24331547469229672
GCC2bim,0.17014155327370228,1.0,0.6127097573297697,1.0,0.6127097573297653,0.24331547469229672,0.24331547469229672
GCC2cm_b,0.17014155327370228,1.0,0.6127097573297697,1.0,0.6127097573297653,0.24331547469229672,0.24331547469229672
GCC2cm_f,0.17014155327370228,1.0,0.6127097573297697,1.0,0.6127097573297653,0.24331547469229672,0.24331547469229672
GCCam_b,0.17014155327370228,1.0,0.6127097573297697,1.0,0.6127097573297653,0.24331547469229672,0.24331547469229672
GCCam_f,0.17014155327370228,1.0,0.6127097573297697,1.0,0.6127097573297653,0.24331547469229672,0.24331547469229672
GCCbim,0.17014155327370228,1.0,0.6127097573297697,1.0,0.6127097573297653,0.24331547469229672,0.24331547469229672
GCCcm_b,0.17014155327370228,1.0,0.6127097573297697,1.0,0.6127097573297653,0.24331547469229672,0.24331547469229672
GCCcm_f,0.17014155327370228,1.0,0.6127097573297697,1.0,0.6127097573297653,0.24331547469229672,0.24331547469229672
GK1_b,0.3272868812797856,0.3272868812797856,0.38269670667709144,0.32728688127978633,0.38269670667709144,0.3826967066770909,0.3826967066770909
GK1_f,0.3272868812797856,0.3272868812797856,0.38269670667709144,0.32728688127978633,0.38269670667709144,0.3826967066770909,0.3826967066770909
GLCtg_b,4.156856359810562e-05,0.32728688127978633,0.12717348728187663,0.056939849936591395,0.19522821099709856,0.19522821099709767,0.056355567616225885
GLCtg_f,4.156856359810562e-05,0.32728688127978633,0.12717348728187663,0.056939849936591395,0.19522821099709856,0.19522821099709767,0.056355567616225885
GLNt_b,0.32728688127978633,0.3272868812797856,0.38269670667709416,0.3272868812797856,0.3826967066770909,0.3826967066770909,0.3826967066770909
GLNt_f,0.32728688127978633,0.3272868812797856,0.38269670667709416,0.3272868812797856,0.3826967066770909,0.3826967066770909,0.3826967066770909
GLYATm_b,0.6867108682606142,0.2325569806033025,0.007707346629258934,0.05236953532427902,0.5226691292146822,0.15726733391116454,0.089990754154498
GLYATm_f,0.6867108682606142,0.2325569806033025,0.007707346629258934,0.05236953532427902,0.5226691292146822,0.15726733391116454,0.089990754154498
GLYCLm_r,0.17014155327370228,1.0,0.6127097573297697,1.0,0.6127097573297653,0.24331547469229672,0.24331547469229672
GLYGLYCNc_b,0.170141553273702,0.4863098499127342,0.6127097573297687,1.0,0.046365460178781896,0.6127097573297671,0.24331547469229672
GLYGLYCNc_f,0.170141553273702,0.4863098499127342,0.6127097573297687,1.0,0.046365460178781896,0.6127097573297671,0.24331547469229672
GLYLEUHYDROc_b,0.170141553273702,0.4863098499127342,0.6127097573297687,1.0,0.046365460178781896,0.6127097573297671,0.24331547469229672
GLYLEUHYDROc_f,0.170141553273702,0.4863098499127342,0.6127097573297687,1.0,0.046365460178781896,0.6127097573297671,0.24331547469229672
GLYPROPRO1c_b,1.0,0.19494067481237456,0.19055697233156654,0.1949406748123749,0.28242953648100094,0.646351548786813,0.6463515487868139
GLYPROPRO1c_f,1.0,0.19494067481237456,0.19055697233156654,0.1949406748123749,0.28242953648100094,0.646351548786813,0.6463515487868139
GLYt2r_b,1.0,1.0,0.1572673339111648,0.17014155327370137,1.0,1.0,0.15726733391116432
GLYt2r_f,1.0,1.0,0.1572673339111648,0.17014155327370137,1.0,1.0,0.15726733391116432
HDCECRNte,0.05236953532427921,0.05236953532427902,0.6127097573297697,0.6867108682606142,0.13644664093389314,0.3284466689532117,0.8474530278849743
HDCECRNtr,0.05236953532427921,0.05236953532427902,0.6127097573297697,0.6867108682606142,0.13644664093389314,0.3284466689532117,0.8474530278849743
HISTAtu_b,0.05236953532427921,0.05236953532427902,0.6127097573297697,0.6867108682606142,0.13644664093389314,0.3284466689532117,0.8474530278849743
HISTAtu_f,0.05236953532427921,0.05236953532427902,0.6127097573297697,0.6867108682606142,0.13644664093389314,0.3284466689532117,0.8474530278849743
HMGCOAR_b,0.170141553273702,1.0,0.1572673339111648,1.0,0.15726733391116504,1.0,1.0
HMGCOAR_f,0.170141553273702,1.0,0.1572673339111648,1.0,0.15726733391116504,1.0,1.0
HMR_0770_b,0.6216287223139874,0.1466556460682006,0.38269670667708866,0.6216287223139874,0.38269670667709144,0.06871947673600004,0.38269670667709144
HMR_0770_f,0.6216287223139874,0.1466556460682006,0.38269670667708866,0.6216287223139874,0.38269670667709144,0.06871947673600004,0.38269670667709144
HMR_1325,1.0,1.0,0.382696706677092,1.0,1.0,0.06871947673599993,1.0
HMR_1500_b,0.3272868812797856,0.32728688127978633,0.3826967066770909,0.32728688127978495,0.3826967066770909,0.3826967066770909,0.3826967066770892
HMR_1500_f,0.3272868812797856,0.32728688127978633,0.3826967066770909,0.32728688127978495,0.3826967066770909,0.3826967066770909,0.3826967066770892
HMR_1629_b,0.17014155327370228,0.17014155327370137,0.6127097573297671,0.17014155327370137,0.6127097573297671,0.6127097573297687,0.6127097573297687
HMR_1629_f,0.17014155327370228,0.17014155327370137,0.6127097573297671,0.17014155327370137,0.6127097573297671,0.6127097573297687,0.6127097573297687
HMR_1630_b,0.17014155327370228,0.17014155327370137,0.6127097573297671,0.17014155327370137,0.6127097573297671,0.6127097573297687,0.6127097573297687
HMR_1630_f,0.17014155327370228,0.17014155327370137,0.6127097573297671,0.17014155327370137,0.6127097573297671,0.6127097573297687,0.6127097573297687
HMR_1631_b,0.17014155327370228,0.17014155327370137,0.6127097573297671,0.17014155327370137,0.6127097573297671,0.6127097573297687,0.6127097573297687
HMR_1631_f,0.17014155327370228,0.17014155327370137,0.6127097573297671,0.17014155327370137,0.6127097573297671,0.6127097573297687,0.6127097573297687
HMR_2817_b,0.05236953532427921,0.05236953532427902,0.6127097573297697,0.6867108682606142,0.13644664093389314,0.3284466689532117,0.8474530278849743
HMR_2817_f,0.05236953532427921,0.05236953532427902,0.6127097573297697,0.6867108682606142,0.13644664093389314,0.3284466689532117,0.8474530278849743
HMR_2821_b,0.05236953532427921,0.05236953532427902,0.6127097573297697,0.6867108682606142,0.13644664093389314,0.3284466689532117,0.8474530278849743
HMR_2821_f,0.05236953532427921,0.05236953532427902,0.6127097573297697,0.6867108682606142,0.13644664093389314,0.3284466689532117,0.8474530278849743
HMR_2851_b,0.05236953532427921,0.05236953532427902,0.6127097573297697,0.6867108682606142,0.13644664093389314,0.3284466689532117,0.8474530278849743
HMR_2851_f,0.05236953532427921,0.05236953532427902,0.6127097573297697,0.6867108682606142,0.13644664093389314,0.3284466689532117,0.8474530278849743
HMR_2857_b,0.05236953532427921,0.05236953532427902,0.6127097573297697,0.6867108682606142,0.13644664093389314,0.3284466689532117,0.8474530278849743
HMR_2857_f,0.05236953532427921,0.05236953532427902,0.6127097573297697,0.6867108682606142,0.13644664093389314,0.3284466689532117,0.8474530278849743
HMR_2861_b,0.05236953532427921,0.05236953532427902,0.6127097573297697,0.6867108682606142,0.13644664093389314,0.3284466689532117,0.8474530278849743
HMR_2861_f,0.05236953532427921,0.05236953532427902,0.6127097573297697,0.6867108682606142,0.13644664093389314,0.3284466689532117,0.8474530278849743
HMR_2865_b,0.05236953532427921,0.05236953532427902,0.6127097573297697,0.6867108682606142,0.13644664093389314,0.3284466689532117,0.8474530278849743
HMR_2865_f,0.05236953532427921,0.05236953532427902,0.6127097573297697,0.6867108682606142,0.13644664093389314,0.3284466689532117,0.8474530278849743
HMR_2884_b,0.05236953532427921,0.05236953532427902,0.6127097573297697,0.6867108682606142,0.13644664093389314,0.3284466689532117,0.8474530278849743
HMR_2884_f,0.05236953532427921,0.05236953532427902,0.6127097573297697,0.6867108682606142,0.13644664093389314,0.3284466689532117,0.8474530278849743
HMR_2888_b,0.05236953532427921,0.05236953532427902,0.6127097573297697,0.6867108682606142,0.13644664093389314,0.3284466689532117,0.8474530278849743
HMR_2888_f,0.05236953532427921,0.05236953532427902,0.6127097573297697,0.6867108682606142,0.13644664093389314,0.3284466689532117,0.8474530278849743
HMR_3018_b,0.17014155327370228,0.170141553273702,0.6127097573297722,0.170141553273702,0.6127097573297671,0.6127097573297671,0.6127097573297662
HMR_3018_f,0.17014155327370228,0.170141553273702,0.6127097573297722,0.170141553273702,0.6127097573297671,0.6127097573297671,0.6127097573297662
HMR_3021_b,0.17014155327370228,0.170141553273702,0.6127097573297722,0.170141553273702,0.6127097573297671,0.6127097573297671,0.6127097573297662
HMR_3021_f,0.17014155327370228,0.170141553273702,0.6127097573297722,0.170141553273702,0.6127097573297671,0.6127097573297671,0.6127097573297662
HMR_3855,0.2595812848147043,0.029839713559400394,0.06871947673599879,0.02983971355940034,0.11857920715939682,0.006184117536575114,0.7197958201910034
HMR_4756_b,0.3272868812797856,0.3272868812797856,0.38269670667708755,0.3272868812797856,0.38269670667708977,0.38269670667709144,0.3826967066770931
HMR_4756_f,0.3272868812797856,0.3272868812797856,0.38269670667708755,0.3272868812797856,0.38269670667708977,0.38269670667709144,0.3826967066770931
HMR_6826_b,0.6216287223139874,0.6216287223139874,0.05635556761622522,0.1466556460682006,0.19522821099709856,0.7808037458582788,0.4831174622668156
HMR_6826_f,0.6216287223139874,0.6216287223139874,0.05635556761622522,0.1466556460682006,0.19522821099709856,0.7808037458582788,0.4831174622668156
HMR_6834_b,0.6216287223139874,0.6216287223139874,0.05635556761622522,0.1466556460682006,0.19522821099709856,0.7808037458582788,0.4831174622668156
HMR_6834_f,0.6216287223139874,0.6216287223139874,0.05635556761622522,0.1466556460682006,0.19522821099709856,0.7808037458582788,0.4831174622668156
HMR_6854_b,0.6216287223139874,0.6216287223139874,0.05635556761622522,0.1466556460682006,0.19522821099709856,0.7808037458582788,0.4831174622668156
HMR_6854_f,0.6216287223139874,0.6216287223139874,0.05635556761622522,0.1466556460682006,0.19522821099709856,0.7808037458582788,0.4831174622668156
HMR_9623,0.044417423291024105,0.4863098499127342,0.24331547469229672,0.4863098499127354,0.24331547469229964,0.046365460178782056,0.046365460178782215
HMR_9624,0.044417423291024105,0.4863098499127342,0.24331547469229672,0.4863098499127354,0.24331547469229964,0.046365460178782056,0.046365460178782215
HOMt4,0.6867108682606167,0.008678944856677853,0.1572673339111648,0.6867108682606167,0.5226691292146822,0.522669129214683,0.522669129214683
ICDHyr,0.32728688127978633,0.3272868812797856,0.38269670667709416,0.3272868812797856,0.3826967066770909,0.3826967066770892,0.38269670667708977
ILEPHELAT2tc_b,0.3272868812797856,0.3272868812797856,0.3826967066770909,0.3272868812797856,0.3826967066770909,0.3826967066770909,0.3826967066770909
ILEPHELAT2tc_f,0.3272868812797856,0.3272868812797856,0.3826967066770909,0.3272868812797856,0.3826967066770909,0.3826967066770909,0.3826967066770909
ILEtec_b,0.029839713559400457,0.2595812848147059,0.11857920715939588,0.2595812848147059,0.1185792071593957,0.7197958201910005,0.7197958201909995
ILEtec_f,0.029839713559400457,0.2595812848147059,0.11857920715939588,0.2595812848147059,0.1185792071593957,0.7197958201910005,0.7197958201909995
IPDDI_b,0.25958128481470527,0.2595812848147059,4.738381338321624e-06,1.0,0.28242953648099967,0.2824295364809992,1.0
IPDDI_f,0.25958128481470527,0.2595812848147059,4.738381338321624e-06,1.0,0.28242953648099967,0.2824295364809992,1.0
IPDDIx_b,0.25958128481470527,0.2595812848147059,4.738381338321624e-06,1.0,0.28242953648099967,0.2824295364809992,1.0
IPDDIx_f,0.25958128481470527,0.2595812848147059,4.738381338321624e-06,1.0,0.28242953648099967,0.2824295364809992,1.0
LDH_D_b,0.3272868812797856,0.32728688127978495,0.38269670667709366,0.32728688127978495,0.38269670667709144,0.3826967066770909,0.38269670667708977
LDH_D_f,0.3272868812797856,0.32728688127978495,0.38269670667709366,0.32728688127978495,0.38269670667709144,0.3826967066770909,0.38269670667708977
LEUPHELAT2tc_b,0.3272868812797856,0.3272868812797856,0.3826967066770909,0.3272868812797856,0.3826967066770909,0.3826967066770909,0.3826967066770909
LEUPHELAT2tc_f,0.3272868812797856,0.3272868812797856,0.3826967066770909,0.3272868812797856,0.3826967066770909,0.3826967066770909,0.3826967066770909
LEUt4,0.14665564606820086,0.6216287223139874,0.382696706677087,0.1466556460682006,0.06871947673599936,0.38269670667709144,1.0
LEUtec_b,0.029839713559400457,0.2595812848147059,0.11857920715939588,0.2595812848147059,0.1185792071593957,0.7197958201910005,0.7197958201909995
LEUtec_f,0.029839713559400457,0.2595812848147059,0.11857920715939588,0.2595812848147059,0.1185792071593957,0.7197958201910005,0.7197958201909995
LKYNRtr_b,0.029839713559400457,0.2595812848147059,0.11857920715939588,0.2595812848147059,0.1185792071593957,0.7197958201910005,0.7197958201909995
LKYNRtr_f,0.029839713559400457,0.2595812848147059,0.11857920715939588,0.2595812848147059,0.1185792071593957,0.7197958201910005,0.7197958201909995
LKYNRtr2_b,0.3272868812797856,0.3272868812797856,0.3826967066770909,0.3272868812797856,0.3826967066770909,0.3826967066770909,0.3826967066770909
LKYNRtr2_f,0.3272868812797856,0.3272868812797856,0.3826967066770909,0.3272868812797856,0.3826967066770909,0.3826967066770909,0.3826967066770909
LKYNRtr3_b,0.32728688127978633,0.3272868812797856,0.38269670667709416,0.3272868812797856,0.3826967066770909,0.3826967066770909,0.3826967066770909
LKYNRtr3_f,0.32728688127978633,0.3272868812797856,0.38269670667709416,0.3272868812797856,0.3826967066770909,0.3826967066770909,0.3826967066770909
LNELDCCRNte,0.05236953532427921,0.05236953532427902,0.6127097573297697,0.6867108682606142,0.13644664093389314,0.3284466689532117,0.8474530278849743
LNELDCCRNtr,0.05236953532427921,0.05236953532427902,0.6127097573297697,0.6867108682606142,0.13644664093389314,0.3284466689532117,0.8474530278849743
LYSt4,0.5690799951675936,0.09609990712790006,1.0,0.569079995167592,0.2824295364809992,1.0,0.2824295364810005
LYSt5r,0.4570477844059576,1.0,0.8676095508236162,0.4570477844059565,0.8676095508236162,0.2948193946301162,0.17786505113383733
MAN6PI_b,0.03490773729951162,0.03490773729951156,0.2660218884908218,0.19226998966663555,0.82008144259782,0.8200814425978178,0.5568374181775606
MAN6PI_f,0.03490773729951162,0.03490773729951156,0.2660218884908218,0.19226998966663555,0.82008144259782,0.8200814425978178,0.5568374181775606
METt4,0.4570477844059576,0.1436268648974761,0.17786505113383677,0.1436268648974764,0.867609550823615,0.867609550823615,0.1778650511338376
METtec_b,0.029839713559400457,0.2595812848147059,0.11857920715939588,0.2595812848147059,0.1185792071593957,0.7197958201910005,0.7197958201909995
METtec_f,0.029839713559400457,0.2595812848147059,0.11857920715939588,0.2595812848147059,0.1185792071593957,0.7197958201910005,0.7197958201909995
MGCHrm_b,0.3272868812797856,0.32728688127978495,0.38269670667708755,0.3272868812797856,0.38269670667708977,0.3826967066770909,0.3826967066770931
MGCHrm_f,0.3272868812797856,0.32728688127978495,0.38269670667708755,0.3272868812797856,0.38269670667708977,0.3826967066770909,0.3826967066770931
MMAte_b,0.4863098499127342,0.4863098499127342,0.02189614306502013,0.044417423291024105,0.6127097573297653,0.6127097573297671,0.02189614306501957
MMAte_f,0.4863098499127342,0.4863098499127342,0.02189614306502013,0.044417423291024105,0.6127097573297653,0.6127097573297671,0.02189614306501957
NDPK1_b,0.0569398499365916,0.0569398499365916,0.03167635202407747,0.0569398499365916,0.03167635202407803,0.031676352024078425,0.03167635202407882
NDPK1_f,0.0569398499365916,0.0569398499365916,0.03167635202407747,0.0569398499365916,0.03167635202407803,0.031676352024078425,0.03167635202407882
NDPK10_b,0.0569398499365916,0.0569398499365916,0.03167635202407747,0.0569398499365916,0.03167635202407803,0.031676352024078425,0.03167635202407882
NDPK10_f,0.0569398499365916,0.0569398499365916,0.03167635202407747,0.0569398499365916,0.03167635202407803,0.031676352024078425,0.03167635202407882
NDPK10n_b,0.3272868812797856,0.3272868812797856,0.3826967066770931,0.3272868812797856,0.3826967066770909,0.3826967066770909,0.3826967066770909
NDPK10n_f,0.3272868812797856,0.3272868812797856,0.3826967066770931,0.3272868812797856,0.3826967066770909,0.3826967066770909,0.3826967066770909
NDPK1m_b,0.0569398499365916,0.0569398499365916,0.03167635202407747,0.0569398499365916,0.03167635202407803,0.031676352024078425,0.03167635202407882
NDPK1m_f,0.0569398499365916,0.0569398499365916,0.03167635202407747,0.0569398499365916,0.03167635202407803,0.031676352024078425,0.03167635202407882
NDPK1n_b,0.3272868812797856,0.3272868812797856,0.3826967066770931,0.3272868812797856,0.3826967066770909,0.3826967066770909,0.3826967066770909
NDPK1n_f,0.3272868812797856,0.3272868812797856,0.3826967066770931,0.3272868812797856,0.3826967066770909,0.3826967066770909,0.3826967066770909
NDPK2_b,0.0569398499365916,0.0569398499365916,0.03167635202407747,0.0569398499365916,0.03167635202407803,0.031676352024078425,0.03167635202407882
NDPK2_f,0.0569398499365916,0.0569398499365916,0.03167635202407747,0.0569398499365916,0.03167635202407803,0.031676352024078425,0.03167635202407882
NDPK2n_b,0.3272868812797856,0.3272868812797856,0.3826967066770931,0.3272868812797856,0.3826967066770909,0.3826967066770909,0.3826967066770909
NDPK2n_f,0.3272868812797856,0.3272868812797856,0.3826967066770931,0.3272868812797856,0.3826967066770909,0.3826967066770909,0.3826967066770909
NDPK3_b,0.0569398499365916,0.0569398499365916,0.03167635202407747,0.0569398499365916,0.03167635202407803,0.031676352024078425,0.03167635202407882
NDPK3_f,0.0569398499365916,0.0569398499365916,0.03167635202407747,0.0569398499365916,0.03167635202407803,0.031676352024078425,0.03167635202407882
NDPK3m_b,0.0569398499365916,0.0569398499365916,0.03167635202407747,0.0569398499365916,0.03167635202407803,0.031676352024078425,0.03167635202407882
NDPK3m_f,0.0569398499365916,0.0569398499365916,0.03167635202407747,0.0569398499365916,0.03167635202407803,0.031676352024078425,0.03167635202407882
NDPK3n_b,0.3272868812797856,0.3272868812797856,0.3826967066770931,0.3272868812797856,0.3826967066770909,0.3826967066770909,0.3826967066770909
NDPK3n_f,0.3272868812797856,0.3272868812797856,0.3826967066770931,0.3272868812797856,0.3826967066770909,0.3826967066770909,0.3826967066770909
NDPK4_b,0.0569398499365916,0.0569398499365916,0.03167635202407747,0.0569398499365916,0.03167635202407803,0.031676352024078425,0.03167635202407882
NDPK4_f,0.0569398499365916,0.0569398499365916,0.03167635202407747,0.0569398499365916,0.03167635202407803,0.031676352024078425,0.03167635202407882
NDPK4n_b,0.3272868812797856,0.3272868812797856,0.3826967066770931,0.3272868812797856,0.3826967066770909,0.3826967066770909,0.3826967066770909
NDPK4n_f,0.3272868812797856,0.3272868812797856,0.3826967066770931,0.3272868812797856,0.3826967066770909,0.3826967066770909,0.3826967066770909
NDPK5_b,0.0569398499365916,0.0569398499365916,0.03167635202407747,0.0569398499365916,0.03167635202407803,0.031676352024078425,0.03167635202407882
NDPK5_f,0.0569398499365916,0.0569398499365916,0.03167635202407747,0.0569398499365916,0.03167635202407803,0.031676352024078425,0.03167635202407882
NDPK5n_b,0.3272868812797856,0.3272868812797856,0.3826967066770931,0.3272868812797856,0.3826967066770909,0.3826967066770909,0.3826967066770909
NDPK5n_f,0.3272868812797856,0.3272868812797856,0.3826967066770931,0.3272868812797856,0.3826967066770909,0.3826967066770909,0.3826967066770909
NDPK6_b,0.0569398499365916,0.0569398499365916,0.03167635202407747,0.0569398499365916,0.03167635202407803,0.031676352024078425,0.03167635202407882
NDPK6_f,0.0569398499365916,0.0569398499365916,0.03167635202407747,0.0569398499365916,0.03167635202407803,0.031676352024078425,0.03167635202407882
NDPK6m_b,0.0569398499365916,0.0569398499365916,0.03167635202407747,0.0569398499365916,0.03167635202407803,0.031676352024078425,0.03167635202407882
NDPK6m_f,0.0569398499365916,0.0569398499365916,0.03167635202407747,0.0569398499365916,0.03167635202407803,0.031676352024078425,0.03167635202407882
NDPK6n_b,0.3272868812797856,0.3272868812797856,0.3826967066770931,0.3272868812797856,0.3826967066770909,0.3826967066770909,0.3826967066770909
NDPK6n_f,0.3272868812797856,0.3272868812797856,0.3826967066770931,0.3272868812797856,0.3826967066770909,0.3826967066770909,0.3826967066770909
NDPK7_b,0.0569398499365916,0.0569398499365916,0.03167635202407747,0.0569398499365916,0.03167635202407803,0.031676352024078425,0.03167635202407882
NDPK7_f,0.0569398499365916,0.0569398499365916,0.03167635202407747,0.0569398499365916,0.03167635202407803,0.031676352024078425,0.03167635202407882
NDPK7n_b,0.3272868812797856,0.3272868812797856,0.3826967066770931,0.3272868812797856,0.3826967066770909,0.3826967066770909,0.3826967066770909
NDPK7n_f,0.3272868812797856,0.3272868812797856,0.3826967066770931,0.3272868812797856,0.3826967066770909,0.3826967066770909,0.3826967066770909
NDPK8_b,0.0569398499365916,0.0569398499365916,0.03167635202407747,0.0569398499365916,0.03167635202407803,0.031676352024078425,0.03167635202407882
NDPK8_f,0.0569398499365916,0.0569398499365916,0.03167635202407747,0.0569398499365916,0.03167635202407803,0.031676352024078425,0.03167635202407882
NDPK8n_b,0.3272868812797856,0.3272868812797856,0.3826967066770931,0.3272868812797856,0.3826967066770909,0.3826967066770909,0.3826967066770909
NDPK8n_f,0.3272868812797856,0.3272868812797856,0.3826967066770931,0.3272868812797856,0.3826967066770909,0.3826967066770909,0.3826967066770909
NDPK9_b,0.0569398499365916,0.0569398499365916,0.03167635202407747,0.0569398499365916,0.03167635202407803,0.031676352024078425,0.03167635202407882
NDPK9_f,0.0569398499365916,0.0569398499365916,0.03167635202407747,0.0569398499365916,0.03167635202407803,0.031676352024078425,0.03167635202407882
NDPK9n_b,0.3272868812797856,0.3272868812797856,0.3826967066770931,0.3272868812797856,0.3826967066770909,0.3826967066770909,0.3826967066770909
NDPK9n_f,0.3272868812797856,0.3272868812797856,0.3826967066770931,0.3272868812797856,0.3826967066770909,0.3826967066770909,0.3826967066770909
NH4t3r_b,0.4863098499127342,0.4863098499127342,0.02189614306502013,0.044417423291024105,0.6127097573297653,0.6127097573297671,0.02189614306501957
NH4t3r_f,0.4863098499127342,0.4863098499127342,0.02189614306502013,0.044417423291024105,0.6127097573297653,0.6127097573297671,0.02189614306501957
ODECRNte,0.05693984993659181,0.3272868812797856,0.12717348728188108,1.0,0.19522821099709767,0.056355567616225795,0.48311746226681357
ODECRNtr,0.05693984993659181,0.3272868812797856,0.12717348728188108,1.0,0.19522821099709767,0.056355567616225795,0.48311746226681357
ORNt,1.0,0.2595812848147059,0.1185792071593989,0.2595812848147059,0.38269670667709255,0.024733014315525718,0.7197958201910005
OROTGLUt_b,0.044417423291024105,0.4863098499127342,0.24331547469229672,0.4863098499127354,0.24331547469229964,0.046365460178782056,0.046365460178782215
OROTGLUt_f,0.044417423291024105,0.4863098499127342,0.24331547469229672,0.4863098499127354,0.24331547469229964,0.046365460178782056,0.046365460178782215
ORPT_b,0.08626904631755242,0.08626904631755242,1.0,0.3799759128822481,0.46095158939829584,0.46095158939829584,0.4609515893982965
ORPT_f,0.08626904631755242,0.08626904631755242,1.0,0.3799759128822481,0.46095158939829584,0.46095158939829584,0.4609515893982965
OXAHCOtex,0.3272868812797856,0.3272868812797871,0.38269670667709366,0.3272868812797836,0.3826967066770931,0.38269670667709255,0.3826967066770909
OXYPthc_b,0.044417423291024105,0.4863098499127342,0.24331547469229672,0.4863098499127354,0.24331547469229964,0.046365460178782056,0.046365460178782215
OXYPthc_f,0.044417423291024105,0.4863098499127342,0.24331547469229672,0.4863098499127354,0.24331547469229964,0.046365460178782056,0.046365460178782215
PGDI_b,0.32728688127978633,0.3272868812797856,0.3826967066770931,0.3272868812797856,0.3826967066770892,0.3826967066770909,0.38269670667709144
PGDI_f,0.32728688127978633,0.3272868812797856,0.3826967066770931,0.3272868812797856,0.3826967066770892,0.3826967066770909,0.38269670667709144
PGDIr_b,0.32728688127978633,0.3272868812797856,0.3826967066770931,0.3272868812797856,0.3826967066770892,0.3826967066770909,0.38269670667709144
PGDIr_f,0.32728688127978633,0.3272868812797856,0.3826967066770931,0.3272868812797856,0.3826967066770892,0.3826967066770909,0.38269670667709144
PGESc,0.021982997044102316,0.1155228542668318,0.13644664093389314,1.0,0.6127097573297662,0.13644664093389314,0.6127097573297671
PHEtec_b,0.3272868812797856,0.32728688127978633,0.3826967066770909,0.32728688127978495,0.3826967066770909,0.3826967066770909,0.3826967066770892
PHEtec_f,0.3272868812797856,0.32728688127978633,0.3826967066770909,0.32728688127978495,0.3826967066770909,0.3826967066770909,0.3826967066770892
PMTCRNte,0.05236953532427921,0.05236953532427902,0.6127097573297697,0.6867108682606142,0.13644664093389314,0.3284466689532117,0.8474530278849743
PMTCRNtr,0.05236953532427921,0.05236953532427902,0.6127097573297697,0.6867108682606142,0.13644664093389314,0.3284466689532117,0.8474530278849743
PPM2_b,0.170141553273702,0.170141553273702,0.6127097573297671,0.170141553273702,0.6127097573297671,0.6127097573297687,0.6127097573297671
PPM2_f,0.170141553273702,0.170141553273702,0.6127097573297671,0.170141553273702,0.6127097573297671,0.6127097573297687,0.6127097573297671
PRODt2r_b,1.0,1.0,0.1572673339111648,0.17014155327370137,1.0,1.0,0.15726733391116432
PRODt2r_f,1.0,1.0,0.1572673339111648,0.17014155327370137,1.0,1.0,0.15726733391116432
PROPAT4te_b,0.3272868812797856,0.3272868812797856,0.3826967066770909,0.3272868812797856,0.3826967066770909,0.3826967066770909,0.3826967066770909
PROPAT4te_f,0.3272868812797856,0.3272868812797856,0.3826967066770909,0.3272868812797856,0.3826967066770909,0.3826967066770909,0.3826967066770909
PROt2r_b,1.0,1.0,0.1572673339111648,0.17014155327370137,1.0,1.0,0.15726733391116432
PROt2r_f,1.0,1.0,0.1572673339111648,0.17014155327370137,1.0,1.0,0.15726733391116432
PROt4,0.3272868812797856,0.32728688127978633,0.3826967066770909,0.32728688127978495,0.3826967066770909,0.3826967066770909,0.3826967066770892
PYNP2r_b,0.3272868812797856,0.32728688127978495,0.38269670667709366,0.32728688127978495,0.38269670667709144,0.3826967066770909,0.38269670667708977
PYNP2r_f,0.3272868812797856,0.32728688127978495,0.38269670667709366,0.32728688127978495,0.38269670667709144,0.3826967066770909,0.38269670667708977
r0242_b,0.1436268648974764,0.4570477844059565,0.382696706677092,0.1436268648974764,0.8676095508236127,0.0865575063503554,0.8676095508236162
r0242_f,0.1436268648974764,0.4570477844059565,0.382696706677092,0.1436268648974764,0.8676095508236127,0.0865575063503554,0.8676095508236162
r0438,1.4472256916538974e-06,0.5690799951675936,0.0010033912775533147,0.09609990712790055,0.012122435599159377,0.2824295364810005,1.0
r0512_b,0.2595812848147059,0.25958128481470527,0.7197958201909926,0.02983971355940034,0.11857920715939625,0.1185792071593972,0.7197958201910024
r0512_f,0.2595812848147059,0.25958128481470527,0.7197958201909926,0.02983971355940034,0.11857920715939625,0.1185792071593972,0.7197958201910024
r0587_b,0.1436268648974764,0.4570477844059565,0.382696706677092,0.1436268648974764,0.8676095508236127,0.0865575063503554,0.8676095508236162
r0587_f,0.1436268648974764,0.4570477844059565,0.382696706677092,0.1436268648974764,0.8676095508236127,0.0865575063503554,0.8676095508236162
r0707_b,0.1436268648974764,0.4570477844059565,0.382696706677092,0.1436268648974764,0.8676095508236127,0.0865575063503554,0.8676095508236162
r0707_f,0.1436268648974764,0.4570477844059565,0.382696706677092,0.1436268648974764,0.8676095508236127,0.0865575063503554,0.8676095508236162
r0879,1.0,1.0,0.8474530278849662,0.0032722210715723336,0.6127097573297653,0.6127097573297671,0.8474530278849755
r0963,0.01965417511657875,0.6216287223139874,0.19522821099709767,0.6216287223139874,0.19522821099709856,0.7808037458582777,0.7808037458582777
r1002,1.4472256916538974e-06,0.5690799951675936,0.0010033912775533147,0.09609990712790055,0.012122435599159377,0.2824295364810005,1.0
r1135_b,0.3272868812797856,0.32728688127978633,0.3826967066770909,0.32728688127978495,0.3826967066770909,0.3826967066770909,0.3826967066770892
r1135_f,0.3272868812797856,0.32728688127978633,0.3826967066770909,0.32728688127978495,0.3826967066770909,0.3826967066770909,0.3826967066770892
r1143,0.42224704126823753,0.42224704126823653,0.3284466689532121,1.0,0.3284466689532117,0.13644664093389314,0.24331547469229708
r1318,1.4472256916538974e-06,0.5690799951675936,0.0010033912775533147,0.09609990712790055,0.012122435599159377,0.2824295364810005,1.0
r1546,0.09609990712789988,0.008108598083017752,0.11857920715939776,0.09609990712790022,0.38269670667708977,0.1185792071593972,0.38269670667709144
r1556,1.0,0.08626904631755224,0.5568374181775615,0.37997591288225063,0.5568374181775599,0.26602188849082337,0.2660218884908246
r1573,0.3272868812797856,0.3272868812797856,0.38269670667709144,0.3272868812797856,0.3826967066770909,0.3826967066770909,0.3826967066770909
r1685,0.3272868812797856,0.3272868812797856,0.3826967066770881,0.3272868812797856,0.3826967066770909,0.3826967066770909,0.38269670667709144
r1914,0.32728688127978633,0.3272868812797856,0.38269670667709416,0.3272868812797856,0.3826967066770909,0.3826967066770909,0.3826967066770909
r2070,0.32728688127978633,0.3272868812797856,0.38269670667709416,0.3272868812797856,0.38269670667708977,0.38269670667708977,0.3826967066770909
r2073_1,0.1466556460682006,0.0018423643546640204,0.12717348728188047,0.6216287223139874,0.4831174622668122,0.006531614237924551,0.19522821099709856
r2136,0.09609990712790055,0.5690799951675936,0.7197958201910005,0.5690799951675936,0.06871947673599936,0.024733014315525808,0.024733014315525673
r2439,1.0,0.37997591288224897,0.5568374181775599,1.0,0.18690715018666554,0.095047496694672,0.5568374181775599
r2465_1,0.1466556460682006,0.0018423643546640204,0.12717348728188047,0.6216287223139874,0.4831174622668122,0.006531614237924551,0.19522821099709856
r2482,0.08626904631755285,0.08626904631755242,0.266021888490825,1.0,0.036837479664942024,0.2660218884908242,0.5568374181775575
r2483,1.0,0.0569398499365916,0.7808037458582777,1.0,0.48311746226681423,0.7808037458582777,0.48311746226681423
r2484,1.0,0.0569398499365916,0.7808037458582777,1.0,0.48311746226681423,0.7808037458582777,0.48311746226681423
r2485,0.05236953532427911,0.05236953532427911,0.6127097573297697,0.6867108682606142,0.13644664093389314,0.3284466689532117,0.847453027884972
r2486,0.14362686489747664,0.1436268648974764,0.382696706677092,0.4570477844059565,0.3826967066770909,0.17786505113383733,0.867609550823615
r2487,0.05236953532427911,0.05236953532427911,0.6127097573297697,0.6867108682606142,0.13644664093389314,0.3284466689532117,0.847453027884972
r2489,0.3272868812797856,0.3272868812797856,0.38269670667709144,0.32728688127978633,0.38269670667709144,0.3826967066770909,0.3826967066770909
r2494,0.3272868812797856,0.3272868812797856,0.38269670667708755,0.32728688127978495,0.38269670667708977,0.38269670667709144,0.3826967066770909
r2495,0.01965417511657875,0.6216287223139874,0.3826967066770909,0.6216287223139874,0.3826967066770909,0.3826967066770909,0.3826967066770909
r2496,0.01965417511657875,0.6216287223139874,0.3826967066770909,0.6216287223139874,0.3826967066770909,0.3826967066770909,0.3826967066770909
r2526_b,0.32728688127978633,0.3272868812797856,0.38269670667709416,0.3272868812797856,0.3826967066770909,0.3826967066770909,0.3826967066770909
r2526_f,0.32728688127978633,0.3272868812797856,0.38269670667709416,0.3272868812797856,0.3826967066770909,0.3826967066770909,0.3826967066770909
r2532_b,0.32728688127978633,0.3272868812797856,0.38269670667709416,0.3272868812797856,0.3826967066770909,0.3826967066770909,0.3826967066770909
r2532_f,0.32728688127978633,0.3272868812797856,0.38269670667709416,0.3272868812797856,0.3826967066770909,0.3826967066770909,0.3826967066770909
r2534_b,0.32728688127978633,0.3272868812797856,0.38269670667709416,0.3272868812797856,0.3826967066770909,0.3826967066770909,0.3826967066770909
r2534_f,0.32728688127978633,0.3272868812797856,0.38269670667709416,0.3272868812797856,0.3826967066770909,0.3826967066770909,0.3826967066770909
r2535_b,0.32728688127978633,0.3272868812797856,0.38269670667709416,0.3272868812797856,0.3826967066770909,0.3826967066770909,0.3826967066770909
r2535_f,0.32728688127978633,0.3272868812797856,0.38269670667709416,0.3272868812797856,0.3826967066770909,0.3826967066770909,0.3826967066770909
RE1834M_b,0.3272868812797856,0.32728688127978633,0.38269670667709366,0.32728688127978495,0.382696706677092,0.38269670667709144,0.3826967066770909
RE1834M_f,0.3272868812797856,0.32728688127978633,0.38269670667709366,0.32728688127978495,0.382696706677092,0.38269670667709144,0.3826967066770909
RE2270E_b,0.05236953532427902,0.6867108682606167,0.32844666895320784,0.05236953532427902,0.13644664093389355,0.060185690755689206,0.13644664093389314
RE2270E_f,0.05236953532427902,0.6867108682606167,0.32844666895320784,0.05236953532427902,0.13644664093389355,0.060185690755689206,0.13644664093389314
RE2273E_b,0.05236953532427902,0.6867108682606167,0.32844666895320784,0.05236953532427902,0.13644664093389355,0.060185690755689206,0.13644664093389314
RE2273E_f,0.05236953532427902,0.6867108682606167,0.32844666895320784,0.05236953532427902,0.13644664093389355,0.060185690755689206,0.13644664093389314
RE2640C_b,0.006205736616524743,0.3272868812797856,0.4831174622668108,0.32728688127978495,0.4831174622668156,0.19522821099709767,0.19522821099709767
RE2640C_f,0.006205736616524743,0.3272868812797856,0.4831174622668108,0.32728688127978495,0.4831174622668156,0.19522821099709767,0.19522821099709767
RE2799C,0.0569398499365917,0.19494067481237456,0.2556587269626083,1.0,0.7197958201909995,0.8952969202475526,0.7197958201909995
RE3134C_b,0.3272868812797856,0.32728688127978633,0.3826967066770909,0.32728688127978495,0.3826967066770909,0.3826967066770909,0.3826967066770892
RE3134C_f,0.3272868812797856,0.32728688127978633,0.3826967066770909,0.32728688127978495,0.3826967066770909,0.3826967066770909,0.3826967066770892
RE3273R_1_b,0.6216287223139874,0.1466556460682006,0.38269670667708866,0.6216287223139874,0.38269670667709144,0.06871947673600004,0.38269670667709144
RE3273R_1_f,0.6216287223139874,0.1466556460682006,0.38269670667708866,0.6216287223139874,0.38269670667709144,0.06871947673600004,0.38269670667709144
RE3520E_b,0.04441742329102427,0.044417423291024105,0.005547715888503816,0.4863098499127342,0.243315474692296,0.0005296448273856476,0.046365460178782215
RE3520E_f,0.04441742329102427,0.044417423291024105,0.005547715888503816,0.4863098499127342,0.243315474692296,0.0005296448273856476,0.046365460178782215
RPE_b,0.1466556460682011,0.6216287223139874,0.018280884977411413,0.019654175116578784,0.12717348728187866,0.7808037458582788,0.19522821099709944
RPE_f,0.1466556460682011,0.6216287223139874,0.018280884977411413,0.019654175116578784,0.12717348728187866,0.7808037458582788,0.19522821099709944
RPEc_b,0.1466556460682011,0.6216287223139874,0.018280884977411413,0.019654175116578784,0.12717348728187866,0.7808037458582788,0.19522821099709944
RPEc_f,0.1466556460682011,0.6216287223139874,0.018280884977411413,0.019654175116578784,0.12717348728187866,0.7808037458582788,0.19522821099709944
SERt2r,0.32728688127978633,0.3272868812797856,0.38269670667709416,0.3272868812797856,0.3826967066770909,0.3826967066770909,0.3826967066770909
SERt4,0.32728688127978633,0.3272868812797856,0.38269670667709416,0.3272868812797856,0.3826967066770909,0.3826967066770909,0.3826967066770909
SO4HCOtex,1.0,0.37997591288224897,0.5568374181775599,1.0,0.18690715018666554,0.095047496694672,0.5568374181775599
SO4OXAtex2,0.3272868812797856,0.3272868812797856,0.3826967066770931,0.3272868812797856,0.3826967066770909,0.3826967066770909,0.3826967066770909
SO4t_e_r,1.0,0.37997591288224897,0.5568374181775599,1.0,0.18690715018666554,0.095047496694672,0.5568374181775599
SSALxm_b,0.4570477844059565,0.1436268648974764,0.20141723800043232,0.4570477844059565,0.572215169650746,0.03167635202407837,0.5722151696507493
SSALxm_f,0.4570477844059565,0.1436268648974764,0.20141723800043232,0.4570477844059565,0.572215169650746,0.03167635202407837,0.5722151696507493
STCRNte,0.05693984993659181,0.3272868812797856,0.12717348728188108,1.0,0.19522821099709767,0.056355567616225795,0.48311746226681357
STCRNtr,0.05693984993659181,0.3272868812797856,0.12717348728188108,1.0,0.19522821099709767,0.056355567616225795,0.48311746226681357
TALA_b,0.0018423643546640282,0.019654175116578784,0.48311746226680946,0.0018423643546640243,0.19522821099709675,0.7808037458582777,0.7808037458582735
TALA_f,0.0018423643546640282,0.019654175116578784,0.48311746226680946,0.0018423643546640243,0.19522821099709675,0.7808037458582777,0.7808037458582735
TAUPAT1c,1.0,1.0,0.1572673339111648,0.17014155327370137,1.0,1.0,0.15726733391116432
THRPHELAT2tc_b,0.3272868812797856,0.3272868812797856,0.3826967066770909,0.3272868812797856,0.3826967066770909,0.3826967066770909,0.3826967066770909
THRPHELAT2tc_f,0.3272868812797856,0.3272868812797856,0.3826967066770909,0.3272868812797856,0.3826967066770909,0.3826967066770909,0.3826967066770909
THRt4,1.0,0.170141553273702,0.6127097573297687,1.0,0.24331547469229708,0.6127097573297662,0.24331547469229745
TRPt_b,0.3272868812797856,0.32728688127978633,0.3826967066770909,0.32728688127978495,0.3826967066770909,0.3826967066770909,0.3826967066770892
TRPt_f,0.3272868812797856,0.32728688127978633,0.3826967066770909,0.32728688127978495,0.3826967066770909,0.3826967066770909,0.3826967066770892
TYRPHELAT2tc_b,0.3272868812797856,0.3272868812797856,0.3826967066770909,0.3272868812797856,0.3826967066770909,0.3826967066770909,0.3826967066770909
TYRPHELAT2tc_f,0.3272868812797856,0.3272868812797856,0.3826967066770909,0.3272868812797856,0.3826967066770909,0.3826967066770909,0.3826967066770909
TYRt_b,0.3272868812797856,0.32728688127978633,0.3826967066770909,0.32728688127978495,0.3826967066770909,0.3826967066770909,0.3826967066770892
TYRt_f,0.3272868812797856,0.32728688127978633,0.3826967066770909,0.32728688127978495,0.3826967066770909,0.3826967066770909,0.3826967066770892
UDPXYLtg_b,0.0569398499365916,0.0569398499365917,0.031676352024077696,0.056939849936591395,0.0316763520240782,0.03167635202407837,0.031676352024078765
UDPXYLtg_f,0.0569398499365916,0.0569398499365917,0.031676352024077696,0.056939849936591395,0.0316763520240782,0.03167635202407837,0.031676352024078765
URIDK2m_b,0.02983971355940034,0.2595812848147059,0.03167635202407848,1.0,0.012122435599159005,0.28242953648099967,0.03167635202407859
URIDK2m_f,0.02983971355940034,0.2595812848147059,0.03167635202407848,1.0,0.012122435599159005,0.28242953648099967,0.03167635202407859
URIK1,0.14665564606820086,0.1466556460682006,7.043983417633073e-06,0.1466556460682006,0.48311746226681695,0.12717348728188005,0.4831174622668149
URIK2,0.14665564606820086,0.1466556460682006,7.043983417633073e-06,0.1466556460682006,0.48311746226681695,0.12717348728188005,0.4831174622668149
VALPHELAT2tc_b,0.3272868812797856,0.3272868812797856,0.3826967066770909,0.3272868812797856,0.3826967066770909,0.3826967066770909,0.3826967066770909
VALPHELAT2tc_f,0.3272868812797856,0.3272868812797856,0.3826967066770909,0.3272868812797856,0.3826967066770909,0.3826967066770909,0.3826967066770909
VALtec_b,0.029839713559400457,0.2595812848147059,0.11857920715939588,0.2595812848147059,0.1185792071593957,0.7197958201910005,0.7197958201909995
VALtec_f,0.029839713559400457,0.2595812848147059,0.11857920715939588,0.2595812848147059,0.1185792071593957,0.7197958201910005,0.7197958201909995
XYLR_b,0.2595812848147043,0.029839713559400394,0.06871947673599879,0.02983971355940034,0.11857920715939682,0.006184117536575114,0.7197958201910034
XYLR_f,0.2595812848147043,0.029839713559400394,0.06871947673599879,0.02983971355940034,0.11857920715939682,0.006184117536575114,0.7197958201910034
